add_uuid,train_ratio,oriacclate_mean,_runtime,save_dir,model_name,windowacclate_mean,windowacclate_vote,fold,dropout,windowaccconcepts,windowauclate_vote,seed,_step,testauc,use_wandb,oriacclate_all,oriauclate_mean,oriauclate_vote,emb_size,emb_type,_wandb,_timestamp,oriaccconcepts,oriacclate_vote,windowacclate_all,dataset_name,learning_rate,window_testacc,window_testauc,windowaucconcepts,testacc,oriaucconcepts,oriauclate_all,windowauclate_all,windowauclate_mean,bz,name,path_id,state,create_time
1,1,0.7617085373070095,547.888126373291,models/dkt_tiaocan_algebra2005/algebra2005_dkt_qid_models/dkt_tiaocan_algebra2005_3407_0_0.05_64_0.001_1_1_1.0_af215b50-63a0-4f97-9fa5-a65cf935cec7,dkt,0.7617911661193184,0.756870380077235,0,0.05,0.7096623929728051,0.6833071353965794,3407,0,0.7986342742964712,1,0.7396632417020819,0.6885962486998379,0.6824902287755444,64,qid,{'runtime': 538},1704857796.6767385,0.709676458986134,0.7568992414869009,0.7398722735101251,algebra2005,0.001,0.8007598267476754,0.7988490073122885,0.6892239880584747,0.8008598541663573,0.688571655062459,0.6853851034976497,0.6860479937968619,0.6893430829428778,512,golden-sweep-48,f7nb393w,finished,1704857796.6767385
1,1,0.7565441928021949,561.199152469635,models/dkt_tiaocan_algebra2005/algebra2005_dkt_qid_models/dkt_tiaocan_algebra2005_3407_0_0.05_64_0.0001_1_1_1.0_0c3dc49f-3619-4f15-a643-c45bf5dff97a,dkt,0.7569024721601181,0.7521956333372557,0,0.05,0.7039912455821244,0.6776653206118013,3407,0,0.7870813241074874,1,0.7314971219538436,0.6841556377145179,0.6766715259955889,64,qid,{'runtime': 542},1704857640.3233764,0.7038933587382868,0.7519715961052236,0.7320418052866358,algebra2005,0.0001,0.7929324286368945,0.7873955435245553,0.6829483787026566,0.7927736608402512,0.682161908747782,0.6809282926301845,0.6816966981937931,0.6850371456112999,512,balmy-sweep-47,oqp0fpks,finished,1704857640.3233764
1,1,0.7591801603098607,551.0116336345673,models/dkt_tiaocan_algebra2005/algebra2005_dkt_qid_models/dkt_tiaocan_algebra2005_42_0_0.05_64_0.0001_1_1_1.0_16f5548e-f21b-4ec3-83da-27d92f2a08bc,dkt,0.7596516939271082,0.7598763385072903,0,0.05,0.713684693077799,0.6768657742815691,42,0,0.7879555076766933,1,0.7507665823874334,0.6805149094034675,0.67538522451132,64,qid,{'runtime': 539},1704857602.2066977,0.713502087721518,0.7594921727903599,0.7512542655726833,algebra2005,0.0001,0.7890519904799917,0.788552344970012,0.6877979983538367,0.7890090143606041,0.6864799041165758,0.6831703534866715,0.6843791963559672,0.6818657759915359,512,dazzling-sweep-46,4neblk53,finished,1704857602.2066977
1,1,0.8051643445048147,600.2777194976807,models/dkt_tiaocan_algebra2005/algebra2005_dkt_qid_models/dkt_tiaocan_algebra2005_42_0_0.05_256_0.001_1_1_1.0_b8303ec8-de0a-4f1d-acf2-a80ca771a83c,dkt,0.8058535959178871,0.8049657149581199,0,0.05,0.7838383390266626,0.8045231659322358,42,0,0.9170672611143512,1,0.7987734681801065,0.8041038924301994,0.8020094832319358,256,qid,{'runtime': 591},1704857595.6291215,0.7826239049695959,0.8041852708591102,0.8000021394721922,algebra2005,0.001,0.8672446671692758,0.9182710557602444,0.8074656977478767,0.8664924187296731,0.8055150244108735,0.8022825888546021,0.8047098473730168,0.806495592249373,512,elated-sweep-45,pxzpubqs,finished,1704857595.6291215
1,1,0.7732099628812739,553.3260488510132,models/dkt_tiaocan_algebra2005/algebra2005_dkt_qid_models/dkt_tiaocan_algebra2005_42_0_0.05_256_0.0001_1_1_1.0_a29c8b17-bf71-410a-8d55-4ce183260083,dkt,0.7735261710935912,0.7718573827836672,0,0.05,0.7312378924330479,0.701406100509057,42,0,0.8343145815960838,1,0.7633008768626607,0.7077520458419674,0.7004469507672618,256,qid,{'runtime': 542},1704857344.9059927,0.7310300170441436,0.7714669966108989,0.763609717482697,algebra2005,0.0001,0.829792895472083,0.8346298310227878,0.7154570651348395,0.8293954289617892,0.7147328376489348,0.7077699741311596,0.7084393672935871,0.7085672967583846,512,valiant-sweep-44,bnhjcsd4,finished,1704857344.9059927
1,1,0.7709720802625208,551.253674030304,models/dkt_tiaocan_algebra2005/algebra2005_dkt_qid_models/dkt_tiaocan_algebra2005_3407_0_0.05_256_0.0001_1_1_1.0_6b055403-79d9-4d7d-b236-27615eaab650,dkt,0.7712690279308094,0.7719857511151998,0,0.05,0.7324948612158585,0.7031094750354934,3407,0,0.8357136095859137,1,0.7701974285867986,0.7065310471133133,0.7022502102390649,256,qid,{'runtime': 544},1704857167.255869,0.7322729742402704,0.7716929366829846,0.7707020677998738,algebra2005,0.0001,0.8227711502357828,0.8361243591125334,0.7161197342222527,0.8225269911044448,0.7153283571861624,0.7065292582812567,0.7073237394862295,0.7074187797582822,512,crisp-sweep-43,wbterb7h,finished,1704857167.255869
1,1,0.7369089246328474,547.5878698825836,models/dkt_tiaocan_algebra2005/algebra2005_dkt_qid_models/dkt_tiaocan_algebra2005_42_0_0.05_256_1e-05_1_1_1.0_2606976b-c826-4922-9d4c-3a2d9d455501,dkt,0.7375081567377328,0.7401611022560735,0,0.05,0.6900019224228443,0.6558642653134921,42,0,0.7961431288538257,1,0.7120662757544785,0.6664300564909764,0.655141553119356,256,qid,{'runtime': 539},1704856775.984594,0.6898040295630299,0.739695518855237,0.7124763320888736,algebra2005,1e-05,0.7866054666134492,0.7965047384104404,0.6626465978310461,0.7861576844825282,0.6620566337578453,0.6706804413633547,0.6711366234029493,0.6670975385337157,512,silver-sweep-42,qaidni24,finished,1704856775.984594
1,1,0.7164129323793641,616.746652841568,models/dkt_tiaocan_algebra2005/algebra2005_dkt_qid_models/dkt_tiaocan_algebra2005_3407_0_0.05_256_1e-05_1_1_1.0_d8e50e03-68f3-4399-a7c0-9126c3369ebf,dkt,0.7172473550775024,0.7242220344241076,0,0.05,0.6779645978439288,0.6384393253216719,3407,0,0.7780842135599041,1,0.7008445855075582,0.6460753758590125,0.6380633758347871,256,qid,{'runtime': 550},1704856779.3252308,0.6775903004681557,0.7234385927161224,0.7015971159914849,algebra2005,1e-05,0.7623176194066256,0.7784693126718583,0.6365321956488131,0.761654068342813,0.6362185383224587,0.6569615021676535,0.657237416936414,0.6463940227018317,512,absurd-sweep-41,eukrcu8u,finished,1704856779.3252308
1,1,0.7692721501963526,549.7674660682678,models/dkt_tiaocan_algebra2005/algebra2005_dkt_qid_models/dkt_tiaocan_algebra2005_42_0_0.1_64_0.001_1_1_1.0_749d1038-dc6e-4197-bdde-a1a1e7c6c566,dkt,0.769482568650314,0.7699318578106781,0,0.1,0.7242432308534079,0.6875832773319168,42,0,0.8051235121279692,1,0.7622572489106461,0.6901450971657633,0.6864293889708595,64,qid,{'runtime': 537},1704856690.020762,0.7241007167471736,0.7696809941363172,0.7625934681913972,algebra2005,0.001,0.8100211391488167,0.805533153667832,0.6992450279829394,0.8099707441673968,0.6981897539920092,0.6911163388731373,0.6920928832265149,0.6912221972981589,512,gentle-sweep-40,jvizfusx,finished,1704856690.020762
1,1,0.7617515735112164,552.4896066188812,models/dkt_tiaocan_algebra2005/algebra2005_dkt_qid_models/dkt_tiaocan_algebra2005_3407_0_0.1_64_0.001_1_1_1.0_d2c25993-7a26-4675-9d15-51a1da94a725,dkt,0.7618125608412405,0.7569131695210791,0,0.1,0.7096993626428878,0.6833156846093495,3407,0,0.7986765215621658,1,0.7397385550594437,0.6885930955843602,0.6825059118979718,64,qid,{'runtime': 536},1704856649.5702806,0.7097285589883668,0.756963795793211,0.7399471550368524,algebra2005,0.001,0.8008337398554259,0.7988916230670489,0.6892572773041618,0.800941532886823,0.6886050591265207,0.6853719390280987,0.6860394585747301,0.6893394127320717,512,dashing-sweep-39,4c56vnhm,finished,1704856649.5702806
1,1,0.7613212114691484,557.8223328590393,models/dkt_tiaocan_algebra2005/algebra2005_dkt_qid_models/dkt_tiaocan_algebra2005_42_0_0.1_64_0.0001_1_1_1.0_5c3c624c-763e-4ba1-8edf-30ef5effba75,dkt,0.7616627977877858,0.7615344294562532,0,0.1,0.7149490557946261,0.6786950956438904,42,0,0.7885931696792885,1,0.7529183925977728,0.6820394692185074,0.6771535879106212,64,qid,{'runtime': 548},1704856583.7612958,0.7148194734922632,0.7612243800096832,0.7534044351258544,algebra2005,0.0001,0.7896285127204459,0.7891934233020144,0.6898204156520433,0.7897366975065714,0.688450541637563,0.6843298165814065,0.6856014446422307,0.6834450778058264,512,wild-sweep-38,26yl3iti,finished,1704856583.7612958
1,1,0.7564581203937812,549.4181561470032,models/dkt_tiaocan_algebra2005/algebra2005_dkt_qid_models/dkt_tiaocan_algebra2005_3407_0_0.1_64_0.0001_1_1_1.0_103d8717-f7ef-4647-9b5e-73d960000287,dkt,0.7568489853553129,0.7521207518105283,0,0.1,0.7038803365718764,0.677669494796493,3407,0,0.787144047851485,1,0.7313895314433267,0.6841297267150661,0.6766772210527486,64,qid,{'runtime': 543},1704856359.5123742,0.7038189301636685,0.7519070417989133,0.7319134369551031,algebra2005,0.0001,0.7927993850429436,0.787458155223971,0.6829357659764259,0.7926622807668889,0.6821498619792404,0.6808923790886399,0.6816652646492477,0.685008373707984,512,volcanic-sweep-37,s6vt8r44,finished,1704856359.5123742
1,1,0.5989025767927268,542.0438566207886,models/dkt_tiaocan_algebra2005/algebra2005_dkt_qid_models/dkt_tiaocan_algebra2005_42_0_0.1_64_1e-05_1_1_1.0_867773de-d50f-410c-8908-583fb14687e5,dkt,0.5991591874284614,0.6129159936243729,0,0.1,0.5784126702453307,0.5358645149686617,42,0,0.5855068722629179,1,0.5762870514820593,0.5468066113792682,0.5353723380219906,64,qid,{'runtime': 537},1704856208.3486257,0.5782504819250206,0.612684921189951,0.5764700848300724,algebra2005,1e-05,0.5865965970405191,0.5856397298576254,0.5458039172434361,0.5864903396349703,0.5453675629211362,0.5715879596108611,0.5721163865663134,0.547276541601241,512,worthy-sweep-36,39webbjl,finished,1704856208.3486257
1,1,0.5432998009575556,552.4719636440277,models/dkt_tiaocan_algebra2005/algebra2005_dkt_qid_models/dkt_tiaocan_algebra2005_3407_0_0.1_64_1e-05_1_1_1.0_c19a6188-c457-4d1e-bde7-85a98be0bd50,dkt,0.5435756998748409,0.573025534600614,0,0.1,0.537620336276119,0.5486765499645337,3407,0,0.5889201193658469,1,0.5238474366560869,0.5446858870893008,0.548413834810509,64,qid,{'runtime': 533},1704856088.044705,0.5374710658916171,0.5726289741244822,0.5241065029257282,algebra2005,1e-05,0.5782591984862595,0.5890834630268733,0.5440850620102123,0.5778695219567251,0.5439558411279892,0.5628165638718291,0.5631222264142319,0.5449143258385484,512,comic-sweep-35,8jgy6jdb,finished,1704856088.044705
1,1,0.804938404432729,573.5495200157166,models/dkt_tiaocan_algebra2005/algebra2005_dkt_qid_models/dkt_tiaocan_algebra2005_42_0_0.1_256_0.001_1_1_1.0_575c6333-d915-47de-87c6-ba48a7a1927c,dkt,0.8054898856452113,0.8047731624608209,0,0.1,0.7835795513360839,0.8036904599235831,42,0,0.9166384957017744,1,0.7985475281080209,0.8031681979377491,0.801175873331445,256,qid,{'runtime': 545},1704856091.342701,0.7824155049606645,0.8038947764807144,0.7996598239214385,algebra2005,0.001,0.8670081452244741,0.9178462521304092,0.8068392570956109,0.8663142106122934,0.8049241956507772,0.8013208603096855,0.8037249605269682,0.8055368308996618,512,still-sweep-34,xvbxnsvi,finished,1704856091.342701
1,1,0.8056807789552961,569.8081703186035,models/dkt_tiaocan_algebra2005/algebra2005_dkt_qid_models/dkt_tiaocan_algebra2005_3407_0_0.1_256_0.001_1_1_1.0_d21d19ba-46a5-4159-a240-ab3aad1cc676,dkt,0.8067414768776543,0.8053401225917566,0,0.1,0.7847403989766796,0.8033928911700884,3407,0,0.9168226677729444,1,0.8011081822583248,0.8027976812199635,0.8004710165379815,256,qid,{'runtime': 549},1704856084.7815814,0.7839710621701884,0.8043789337780408,0.8021523090253635,algebra2005,0.001,0.8673407542093515,0.9181353006458568,0.8058249732439905,0.8666706268470529,0.8037906294193853,0.8015322263640252,0.8041715423264224,0.805514117564578,512,azure-sweep-33,8yoipqxo,finished,1704856084.7815814
1,1,0.7732207219323256,551.2563145160675,models/dkt_tiaocan_algebra2005/algebra2005_dkt_qid_models/dkt_tiaocan_algebra2005_42_0_0.1_256_0.0001_1_1_1.0_90a77a5f-319f-435f-a9a2-4607f3e59591,dkt,0.7735368684545523,0.7718466854227062,0,0.1,0.731267468169114,0.7013891376372579,42,0,0.8343325801740541,1,0.7633331540158158,0.7077488464635916,0.7004307634736602,256,qid,{'runtime': 547},1704855909.4198835,0.7310672313314528,0.7714777556619506,0.7636311122046191,algebra2005,0.0001,0.8298076780936331,0.834647664937499,0.7154505243676625,0.8294177049764617,0.7147273320197425,0.7077840185399136,0.7084521662404963,0.7085642598571431,512,earthy-sweep-32,597gdqm0,finished,1704855909.4198835
1,1,0.7709613212114691,556.721752166748,models/dkt_tiaocan_algebra2005/algebra2005_dkt_qid_models/dkt_tiaocan_algebra2005_3407_0_0.1_256_0.0001_1_1_1.0_0e831794-eca5-4180-8276-14c28870d460,dkt,0.7712476332088873,0.7719964484761609,0,0.1,0.7325170430179081,0.7031098123653303,3407,0,0.8357272495400234,1,0.7701651514336435,0.7065301910923432,0.7022524941156018,256,qid,{'runtime': 544},1704855806.9677372,0.7322804170977322,0.7716929366829846,0.7706913704389127,algebra2005,0.0001,0.8228081067896581,0.836137550014293,0.7161124826384335,0.8225492671191172,0.7153219337491695,0.7065249539434597,0.7073189671240206,0.7074163966862085,512,still-sweep-31,tny6q770,finished,1704855806.9677372
1,1,0.7372747323686051,551.2110509872437,models/dkt_tiaocan_algebra2005/algebra2005_dkt_qid_models/dkt_tiaocan_algebra2005_42_0_0.1_256_1e-05_1_1_1.0_76e0bfca-90f4-4037-8e76-c41adfac5ea9,dkt,0.7378718670104085,0.740492720445866,0,0.1,0.6903124676515386,0.6562869156596128,42,0,0.7965462097444713,1,0.7124643606433912,0.6667902956069899,0.6555650462055005,256,qid,{'runtime': 545},1704855757.303389,0.6901389581488125,0.7400398084888913,0.7128400423615494,algebra2005,1e-05,0.786989814773752,0.7969076418405308,0.6630754043742288,0.786528951393736,0.6624840758181976,0.6709533392750504,0.6714068612888829,0.6674563293881287,512,happy-sweep-30,m2ji4at5,finished,1704855757.303389
1,1,0.7164667276346226,547.5966641902924,models/dkt_tiaocan_algebra2005/algebra2005_dkt_qid_models/dkt_tiaocan_algebra2005_3407_0_0.1_256_1e-05_1_1_1.0_1392d131-9a4d-46bc-8d05-ba87ea660890,dkt,0.7173008418823076,0.7241364555364191,0,0.1,0.6779128403058131,0.638400938429843,3407,0,0.7780536152105362,1,0.7007907902522997,0.6460495904302838,0.6380254670090696,256,qid,{'runtime': 541},1704855478.716916,0.6775605290383084,0.7233847974608639,0.7015115371037965,algebra2005,1e-05,0.76225109760965,0.7784382997178289,0.6364981050000535,0.7616095163134681,0.6361848561020235,0.6569437712038834,0.6572192623731262,0.6463672713576034,512,distinctive-sweep-29,ol502ouh,finished,1704855478.716916
1,1,0.7721986120824144,546.0483901500702,models/dkt_tiaocan_algebra2005/algebra2005_dkt_qid_models/dkt_tiaocan_algebra2005_42_0_0.3_64_0.001_1_1_1.0_d9dc7de0-cf74-4295-b216-d5850696d66c,dkt,0.7723815534707588,0.7729699083236166,0,0.3,0.726964198571492,0.6926930421290767,42,0,0.8065057847276771,1,0.7665178331271182,0.6945018829270145,0.6914253375809647,64,qid,{'runtime': 541},1704855290.727797,0.726862016865515,0.7726827693797407,0.7669045046587007,algebra2005,0.001,0.8110707052788741,0.8069008865185928,0.704889900835163,0.8111439476068135,0.7037452237736637,0.6943850178112094,0.6954619449194785,0.695680790837935,512,playful-sweep-28,4985rbrt,finished,1704855290.727797
1,1,0.7615471515412341,580.8033130168915,models/dkt_tiaocan_algebra2005/algebra2005_dkt_qid_models/dkt_tiaocan_algebra2005_3407_0_0.3_64_0.001_1_1_1.0_8525de2c-b99e-49f2-8546-7f261a527a93,dkt,0.7616521004268247,0.7569666563258844,0,0.3,0.7097363323129704,0.6834154695732373,3407,0,0.7989399146051913,1,0.7395341330894615,0.6885618791431753,0.6826058397576857,64,qid,{'runtime': 535},1704855310.423432,0.7098029875629852,0.7570175910484696,0.7397439051785925,algebra2005,0.001,0.8009667834493769,0.7991563493120943,0.6893433728353683,0.8010232116072887,0.6886909250249302,0.6853131700413664,0.6859802386896181,0.6893092709898051,512,crimson-sweep-27,oxdn6huw,finished,1704855310.423432
1,1,0.7630103824842649,551.7146348953247,models/dkt_tiaocan_algebra2005/algebra2005_dkt_qid_models/dkt_tiaocan_algebra2005_42_0_0.3_64_0.0001_1_1_1.0_da76cdad-2803-47f6-8c7c-32cd1bcdba2c,dkt,0.7634385597073202,0.7631497309613718,0,0.3,0.716265176049569,0.6804011392732299,42,0,0.7895117022698164,1,0.7549088170423368,0.6835920177721333,0.6788173946426983,64,qid,{'runtime': 532},1704855197.8384428,0.7160922021182372,0.7627414062079725,0.7554797231522983,algebra2005,0.0001,0.79092199210608,0.7901129111387901,0.6917704521245283,0.7909024756077639,0.690360015061356,0.6856695013587086,0.6869805547225943,0.6850442687116628,512,crisp-sweep-26,aajror5p,finished,1704855197.8384428
1,1,0.7566195061595568,554.1346123218536,models/dkt_tiaocan_algebra2005/algebra2005_dkt_qid_models/dkt_tiaocan_algebra2005_3407_0_0.3_64_0.0001_1_1_1.0_5065e659-f337-48c9-9ef5-c231dbda32f9,dkt,0.7570094457697286,0.7521956333372557,0,0.3,0.7041021545923725,0.6781520549216501,3407,0,0.7877069486723292,1,0.7315724353112055,0.6845297088076109,0.6771746425646359,64,qid,{'runtime': 543},1704855132.5009832,0.7040273301725999,0.751993114207327,0.7321059894524021,algebra2005,0.0001,0.7931689505816961,0.7880208786638545,0.683606757675437,0.7930112716634242,0.6828195243954612,0.6812832499079843,0.6820722031975448,0.6854124830382939,512,rural-sweep-25,i6d9ukpx,finished,1704855132.5009832
1,1,0.5990316854053472,544.6946601867676,models/dkt_tiaocan_algebra2005/algebra2005_dkt_qid_models/dkt_tiaocan_algebra2005_42_0_0.3_64_1e-05_1_1_1.0_e80c022b-9dbe-43ab-aec6-049a11578433,dkt,0.5992982531209551,0.6129694804291781,0,0.3,0.5784348520473803,0.5358796201945849,42,0,0.5854791697972878,1,0.5763623648394212,0.5468309702112848,0.5353820695956806,64,qid,{'runtime': 539},1704854835.8371692,0.5782876962123298,0.6127494754962612,0.5765235716348777,algebra2005,1e-05,0.5865965970405191,0.585611533367115,0.5458145026480272,0.5864977649731945,0.5453790809761042,0.5715851451272084,0.572104298654738,0.5472994853155037,512,kind-sweep-24,1mir0lse,finished,1704854835.8371692
1,1,0.543321319059659,560.8071427345276,models/dkt_tiaocan_algebra2005/algebra2005_dkt_qid_models/dkt_tiaocan_algebra2005_3407_0_0.3_64_1e-05_1_1_1.0_178f2eaa-7d52-45d1-a16d-402582e035d1,dkt,0.5435863972358019,0.573014837239653,0,0.3,0.5375685787380033,0.5486955722583051,3407,0,0.5888766726344177,1,0.523772123298725,0.5446485749605535,0.5484309747421534,64,qid,{'runtime': 551},1704854803.5348496,0.5374115230319224,0.5726182150734305,0.524063713481884,algebra2005,1e-05,0.5782148506216093,0.5890399833131648,0.5440606439643424,0.577817544589156,0.5439311607026044,0.5627654543844974,0.5630766057405455,0.5448750199172283,512,dandy-sweep-23,2qrmdqnx,finished,1704854803.5348496
1,1,0.8054655979342622,548.4838171005249,models/dkt_tiaocan_algebra2005/algebra2005_dkt_qid_models/dkt_tiaocan_algebra2005_42_0_0.3_256_0.001_1_1_1.0_216cd9a4-7d39-4918-bd57-ba7fb8e4cdf2,dkt,0.8060782404980691,0.8049764123190809,0,0.3,0.783927066234861,0.8041332577217054,42,0,0.9167631656087974,1,0.7986443595674861,0.8033856854861655,0.8015378008858792,256,qid,{'runtime': 543},1704854524.385452,0.7826983335442143,0.8041745118080585,0.7998523764187375,algebra2005,0.001,0.8672077106154006,0.9180118659432738,0.8075641195707547,0.8664478667003283,0.8055785313261223,0.8015223541133594,0.8040137322779418,0.8058540900776372,512,rural-sweep-22,endymojf,finished,1704854524.385452
1,1,0.8060250685889504,558.3830738067627,models/dkt_tiaocan_algebra2005/algebra2005_dkt_qid_models/dkt_tiaocan_algebra2005_3407_0_0.3_256_0.001_1_1_1.0_98c51412-c112-464d-a3aa-0d4d9481ab58,dkt,0.8071479765941743,0.8058963853617312,0,0.3,0.7849917927332416,0.8038972552388335,3407,0,0.9169448140395772,1,0.8011404594114799,0.8030584988504325,0.8011461473738315,256,qid,{'runtime': 554},1704854437.9418318,0.7838668621657227,0.8047555005648502,0.8024197430493897,algebra2005,0.001,0.8677546676127544,0.918219259142124,0.806628715954458,0.8669008123320017,0.804604354243636,0.801725229509702,0.8043650303682351,0.8057113302252353,512,sleek-sweep-21,ikn8k5vf,finished,1704854437.9418318
1,1,0.7730593361665501,556.2249419689178,models/dkt_tiaocan_algebra2005/algebra2005_dkt_qid_models/dkt_tiaocan_algebra2005_42_0_0.3_256_0.0001_1_1_1.0_cc5d1987-cdb6-4fba-8787-552dfe7ba0f9,dkt,0.7733443159572534,0.7717718038959789,0,0.3,0.7312083166969818,0.7013668925222059,42,0,0.8343962998405319,1,0.7633008768626607,0.707734985218148,0.7004072820631381,256,qid,{'runtime': 550},1704854301.947851,0.7310151313292199,0.7714024423045888,0.7635883227607749,algebra2005,0.0001,0.8297485476074327,0.8347106345094504,0.7153821062646744,0.8293508769324442,0.7146616178470844,0.7077733091510934,0.7084347830277389,0.7085471533481231,512,balmy-sweep-20,na6lt57w,finished,1704854301.947851
1,1,0.7707999354456937,550.4298901557922,models/dkt_tiaocan_algebra2005/algebra2005_dkt_qid_models/dkt_tiaocan_algebra2005_3407_0_0.3_256_0.0001_1_1_1.0_c4fd76d7-e081-4f07-ac28-b783c56fba7f,dkt,0.7711192648773547,0.7720392379200052,0,0.3,0.7325392248199577,0.7031390173566306,3407,0,0.8358052593420708,1,0.769971488514713,0.7065318364150018,0.7022805193609643,256,qid,{'runtime': 539},1704854229.501136,0.7322804170977322,0.7717467319382431,0.7705202126635359,algebra2005,0.0001,0.8228376720327583,0.8362135881315838,0.7160743504207252,0.8226012444866864,0.7152878686578507,0.7065262225539488,0.7073051453059931,0.707413767378899,512,ethereal-sweep-19,bfk1w75x,finished,1704854229.501136
1,1,0.7370057560923127,553.3009543418884,models/dkt_tiaocan_algebra2005/algebra2005_dkt_qid_models/dkt_tiaocan_algebra2005_42_0_0.3_256_1e-05_1_1_1.0_23964eb0-a19b-41a4-8dee-df8a5d99da93,dkt,0.7375830382644601,0.7403001679485671,0,0.3,0.6901793768392411,0.65611509631855,42,0,0.7964517764367756,1,0.7123029748776158,0.6666487962847754,0.6553766479491009,256,qid,{'runtime': 542},1704853902.5699997,0.6899975438570376,0.739835386518909,0.7126688845861726,algebra2005,1e-05,0.7868345972474758,0.7968126014246754,0.6628887684450171,0.7863730192910287,0.6622998398371271,0.6708862332105537,0.6713233483701606,0.6673155136126581,512,cosmic-sweep-18,uh857cir,finished,1704853902.5699997
1,1,0.7161116789499166,555.448558807373,models/dkt_tiaocan_algebra2005/algebra2005_dkt_qid_models/dkt_tiaocan_algebra2005_3407_0_0.3_256_1e-05_1_1_1.0_b9a5fae3-dde1-46a6-ae37-9bdae4c0b4e3,dkt,0.7169050395267488,0.7238797188733539,0,0.3,0.6776170829451518,0.6382966550093557,3407,0,0.7779345890884506,1,0.7004465006186454,0.6459511137149424,0.6379115570538927,256,qid,{'runtime': 544},1704853892.1692667,0.6772777004547585,0.7231265802356233,0.7011371294701597,algebra2005,1e-05,0.7619924017325233,0.7783178292927841,0.6363830200768349,0.7613867561667435,0.6360715564901176,0.6568805140866163,0.6571522179903132,0.6462658955026782,512,apricot-sweep-17,s5c94eiv,finished,1704853892.1692667
1,1,0.7721340577761041,544.924807548523,models/dkt_tiaocan_algebra2005/algebra2005_dkt_qid_models/dkt_tiaocan_algebra2005_42_0_0.5_64_0.001_1_1_1.0_d6d4e30e-51df-4e23-96c2-9acaca5cddd4,dkt,0.7723601587488367,0.7729485136016945,0,0.5,0.7271194711858391,0.693195904535967,42,0,0.8075170937595941,1,0.7662918930550325,0.6949470462469598,0.6919454483692633,64,qid,{'runtime': 539},1704853653.4501116,0.7269513311550571,0.7726397331755339,0.7667440442442849,algebra2005,0.001,0.8116028796546779,0.8079125304652025,0.7052984358963004,0.811641445267832,0.7041680665129685,0.694818296601782,0.6958854409219644,0.6961107119633794,512,tough-sweep-16,gl64rifu,finished,1704853653.4501116
1,1,0.7663887245144978,551.9610359668732,models/dkt_tiaocan_algebra2005/algebra2005_dkt_qid_models/dkt_tiaocan_algebra2005_3407_0_0.5_64_0.001_1_1_1.0_a722fedf-da0c-4adf-88da-2da348949c0d,dkt,0.7665728864689081,0.7611172323787722,0,0.5,0.7136329355396832,0.6876627550396223,3407,0,0.8009422211239874,1,0.7454085749636882,0.6924418338440058,0.6867493211435847,64,qid,{'runtime': 545},1704853616.9889688,0.7136509448707548,0.7610091989886492,0.7456916378729368,algebra2005,0.001,0.8046033083507029,0.8011404751537712,0.6948282002776361,0.8046839033517976,0.6941309965751915,0.6891608159301343,0.6898645389081985,0.6932388194201875,512,dry-sweep-15,dzbf7lns,finished,1704853616.9889688
1,1,0.7607079455592016,546.842226266861,models/dkt_tiaocan_algebra2005/algebra2005_dkt_qid_models/dkt_tiaocan_algebra2005_3407_0_0.5_64_0.0001_1_1_1.0_11441110-3c7d-48c1-88ba-00382750259d,dkt,0.7610958376568501,0.7555118152351815,0,0.5,0.7077547579965396,0.6826576504774772,3407,0,0.7894693718648416,1,0.7371348647049331,0.6885755433779104,0.6815597607317154,64,qid,{'runtime': 540},1704853582.5490382,0.7076743303288999,0.7552208295228361,0.7376258277083043,algebra2005,0.0001,0.7956228657590138,0.7897704019312537,0.6892152137154298,0.7955804386889823,0.6883664120518469,0.6853852221446739,0.6862412620302002,0.6895342221119553,512,apricot-sweep-14,o9v8bqjp,finished,1704853582.5490382
1,1,0.7645274086825542,571.3393270969391,models/dkt_tiaocan_algebra2005/algebra2005_dkt_qid_models/dkt_tiaocan_algebra2005_42_0_0.5_64_0.0001_1_1_1.0_78f26f65-a342-4d0b-9d07-3728a0f5b720,dkt,0.7649040981589842,0.7645082958034253,0,0.5,0.7175443266344291,0.682220366545399,42,0,0.7908477285775364,1,0.756716337619022,0.6851783977221795,0.680579822858369,64,qid,{'runtime': 536},1704856891.6703682,0.7174095878889823,0.764107805691538,0.7572126956279885,algebra2005,0.0001,0.7925259065442666,0.7914493468700671,0.6936533736578689,0.7925509006935266,0.6922179364764873,0.6870770984967298,0.6884126532577279,0.6866593433447232,512,fiery-sweep-13,migtqv7y,finished,1704856891.6703682
1,1,0.5990639625585024,547.2657005786896,models/dkt_tiaocan_algebra2005/algebra2005_dkt_qid_models/dkt_tiaocan_algebra2005_42_0_0.5_64_1e-05_1_1_1.0_517043fb-b7e9-41b9-a60c-ee74cbbafd4f,dkt,0.5993196478428772,0.6128625068195677,0,0.5,0.5783387309051654,0.5358664826742265,42,0,0.5854453824242274,1,0.5762440152778525,0.5468800869321522,0.5353619521587428,64,qid,{'runtime': 538},1704853267.4293523,0.5781983819227878,0.6126311259346926,0.576373808581423,algebra2005,1e-05,0.5864857273788934,0.5855774309801244,0.5458490411592996,0.5863938102380564,0.5454140235587842,0.5716373586298205,0.5721431236090002,0.5473472838652341,512,dark-sweep-12,macikli6,finished,1704853267.4293523
1,1,0.5432567647533487,611.1029894351959,models/dkt_tiaocan_algebra2005/algebra2005_dkt_qid_models/dkt_tiaocan_algebra2005_3407_0_0.5_64_1e-05_1_1_1.0_45655491-424c-4d5c-a0b4-2c0779d4e718,dkt,0.5435329104309967,0.5728650741861983,0,0.5,0.5374872454638214,0.5487456770870496,3407,0,0.5888158937845573,1,0.5236860508903115,0.5446117572468592,0.5484529206650604,64,qid,{'runtime': 538},1704853033.0381963,0.5373147658849186,0.5724353112055517,0.5239674372332346,algebra2005,1e-05,0.578052241784558,0.5889795760285964,0.5440297493222422,0.5776467618100004,0.5438997242972471,0.5627378373226637,0.5630243186831141,0.544838998997804,512,sparkling-sweep-11,ew3fitmd,finished,1704853033.0381963
1,1,0.8047339824627467,559.4502401351929,models/dkt_tiaocan_algebra2005/algebra2005_dkt_qid_models/dkt_tiaocan_algebra2005_42_0_0.5_256_0.001_1_1_1.0_3b1946ad-be45-4890-9bf1-9385b9c6b641,dkt,0.8049550175971588,0.8036713342818327,0,0.5,0.7822486432131079,0.8028567810992071,42,0,0.915987820652912,1,0.798117166065953,0.8017629825521917,0.8002995039246441,256,qid,{'runtime': 552},1704852949.386928,0.7818200763637175,0.8033675829791812,0.7986328772691776,algebra2005,0.001,0.866010318269842,0.917168413957929,0.8069106338661435,0.86577216092193,0.8050599471901184,0.7999857621682722,0.8022963375773158,0.8040887155707878,512,fiery-sweep-10,6we57kgc,finished,1704852949.386928
1,1,0.8054118026790037,621.7024161815643,models/dkt_tiaocan_algebra2005/algebra2005_dkt_qid_models/dkt_tiaocan_algebra2005_3407_0_0.5_256_0.001_1_1_1.0_a3572343-480d-400c-a7f1-0cdf405df729,dkt,0.8060140563323028,0.8050619912067692,0,0.5,0.7849400351951259,0.803052114661676,3407,0,0.9165981557964642,1,0.8005594706546882,0.8022326337367258,0.8004350529569757,256,qid,{'runtime': 590},1704853002.9069712,0.7837328907314096,0.8042390661143687,0.8016816251430772,algebra2005,0.001,0.8673407542093515,0.9178287779542356,0.8067783748764166,0.8666409254941563,0.8047860038845349,0.800964207669766,0.8034955162335709,0.8047771426546118,512,expert-sweep-9,tw11i4a6,finished,1704853002.9069712
1,1,0.7757598579805262,709.7161977291107,models/dkt_tiaocan_algebra2005/algebra2005_dkt_qid_models/dkt_tiaocan_algebra2005_42_0_0.5_256_0.0001_1_1_1.0_4451db77-75fc-4249-8ab4-1909ec3a9111,dkt,0.776007958836555,0.7747777623260341,0,0.5,0.7361622524880588,0.7053539546016221,42,0,0.8354631845217462,1,0.7698746570552477,0.7112101213079529,0.704327364635223,256,qid,{'runtime': 704},1704852307.7328618,0.7359199743965703,0.7744902899564259,0.7702527786395096,algebra2005,0.0001,0.8320620278800243,0.8357875986574475,0.7205497297791712,0.8318086638846399,0.7197778371809395,0.7116477673790407,0.7124365629478462,0.712102993483627,512,misty-sweep-8,axklb6kl,finished,1704852307.7328618
1,1,0.7361880682123837,723.161572933197,models/dkt_tiaocan_algebra2005/algebra2005_dkt_qid_models/dkt_tiaocan_algebra2005_42_0_0.5_256_1e-05_1_1_1.0_924fc8e8-0deb-4b09-8f6e-86a22bc537f7,dkt,0.7367593414704592,0.7395834447641767,0,0.5,0.6895287106457862,0.6554383884152539,42,0,0.7959223546471945,1,0.7114314917424284,0.666039890630078,0.6547275137147998,256,qid,{'runtime': 719},1704852309.5524158,0.6893202438280105,0.7391037710473937,0.7118558851531327,algebra2005,1e-05,0.786154596656171,0.7962823718780176,0.6621550697238777,0.7856898881744063,0.6615715268778283,0.6704019616913924,0.6708550055317429,0.6667007842374628,512,grateful-sweep-6,68wj6y4x,finished,1704852309.5524158
1,1,0.770789176394642,765.5975115299225,models/dkt_tiaocan_algebra2005/algebra2005_dkt_qid_models/dkt_tiaocan_algebra2005_3407_0_0.5_256_0.0001_1_1_1.0_04f5a3c2-a85f-46d8-be69-6ef206346ac4,dkt,0.7711085675163937,0.7718680801446283,0,0.5,0.7324504976117593,0.7030974427755685,3407,0,0.8359897475577536,1,0.7697993436978858,0.7065456309411638,0.7022554974274096,256,qid,{'runtime': 748},1704852356.6919396,0.7321390028059572,0.7715315509172092,0.7704132390539254,algebra2005,0.0001,0.822933759072834,0.836394362544655,0.716006738923859,0.8226457965160313,0.7152281295709101,0.7065673811122168,0.7073534577785073,0.7074162968863213,512,olive-sweep-7,su8jdnqu,finished,1704852356.6919396
1,1,0.7164129323793641,739.7061150074005,models/dkt_tiaocan_algebra2005/algebra2005_dkt_qid_models/dkt_tiaocan_algebra2005_3407_0_0.5_256_1e-05_1_1_1.0_460c522b-aafd-4e9f-ab93-ef494ad33076,dkt,0.7172259603555803,0.7240615740096918,0,0.5,0.6778536888336808,0.638617809181061,3407,0,0.7783536309720487,1,0.7007585130991446,0.646297766330478,0.6382374410900689,256,qid,{'runtime': 706},1704852325.875815,0.6775158718935373,0.7232879660013987,0.7014473529380302,algebra2005,1e-05,0.7622954454743004,0.7787355594420007,0.6367824888904955,0.7616911950339338,0.6364708245297382,0.6572064327412874,0.6574679829681077,0.6466121075295596,512,classic-sweep-5,48o1ii0q,finished,1704852325.875815
1,1,0.7693151864005595,730.5932376384735,models/dkt_tiaocan_algebra2005/algebra2005_dkt_qid_models/dkt_tiaocan_algebra2005_42_0_0.05_64_0.001_1_1_1.0_67e579fc-27e2-481e-aefb-0779bc59d38c,dkt,0.7695253580941581,0.769899765727795,0,0.05,0.7242210490513583,0.6875386689586442,42,0,0.8050296379252079,1,0.7622464898595944,0.6900996720353294,0.6863861029487099,64,qid,{'runtime': 751},1704852317.4427247,0.7240560596024026,0.7696271988810587,0.7626148629133193,algebra2005,0.001,0.8099915739057164,0.8054386302678292,0.6992136856117381,0.8099261921380518,0.6981580249542416,0.6910630336290746,0.6920433557447816,0.6911778056243298,512,quiet-sweep-4,mmov46xi,finished,1704852317.4427247
1,1,0.5988810586906235,723.9566061496735,models/dkt_tiaocan_algebra2005/algebra2005_dkt_qid_models/dkt_tiaocan_algebra2005_42_0_0.05_64_1e-05_1_1_1.0_659c7975-41e6-4380-8ac8-b08a64601973,dkt,0.5991270953455783,0.6129052962634118,0,0.05,0.5784126702453307,0.535856090738928,42,0,0.5855182027477289,1,0.576297810533111,0.546805090683192,0.5353639937058137,64,qid,{'runtime': 700},1704852310.8330522,0.5782504819250206,0.6126741621388994,0.5764807821910335,algebra2005,1e-05,0.5866187709728443,0.5856510395627493,0.5458021057816552,0.5865051903114187,0.5453657973857889,0.5715928877109973,0.5721211356107917,0.5472744181332353,512,generous-sweep-2,8v5gm9nd,finished,1704852310.8330522
1,1,0.543568777233848,721.4334089756012,models/dkt_tiaocan_algebra2005/algebra2005_dkt_qid_models/dkt_tiaocan_algebra2005_3407_0_0.05_64_1e-05_1_1_1.0_3623400e-1225-49bb-852c-61ba77b0e64e,dkt,0.5438217391769451,0.5733892448732898,0,0.05,0.5379604572408796,0.5490667215099692,3407,0,0.5896688383618011,1,0.5241271719834311,0.5450211974269827,0.5488028463019522,64,qid,{'runtime': 731},1704852307.100922,0.5377762230475525,0.5729732637581365,0.5244274237545598,algebra2005,1e-05,0.5789096338344643,0.5898346130876531,0.5444101975203811,0.5784709743528818,0.5442793608014158,0.5631556857058231,0.5634541953494185,0.5452520415061823,512,wild-sweep-3,5yi1h0qc,finished,1704852307.100922
1,1,0.8065199849373286,725.3924803733826,models/dkt_tiaocan_algebra2005/algebra2005_dkt_qid_models/dkt_tiaocan_algebra2005_3407_0_0.05_256_0.001_1_1_1.0_9dde5a25-33c2-44be-a855-003b483681ab,dkt,0.8074047132572394,0.8061852141076796,0,0.05,0.7856424589266965,0.8053873636243091,3407,0,0.9175660973348744,1,0.802022701597719,0.8047570609780357,0.8025340950540263,256,qid,{'runtime': 728},1704852312.2376544,0.7846855764865247,0.8053149712195384,0.8033825055358843,algebra2005,0.001,0.867843363342055,0.918920104986564,0.807265090963039,0.8671829751845197,0.8051488396625706,0.8034112292148557,0.806258737270268,0.8075860689306318,512,iconic-sweep-1,ibvu3alw,finished,1704852312.2376544
