model_name,save_dir,learning_rate,window_testacc,oriauclate_mean,windowacclate_mean,windowauclate_vote,emb_type,num_layers,train_ratio,oriaccearly_preds,windowauclate_all,_runtime,loss1,oriacclate_mean,_step,_wandb,nheads,final_fc_dim2,oriaccconcepts,windowaccearly_preds,fold,dropout,dataset_name,oriaucconcepts,windowaucearly_preds,loss2,use_wandb,num_attn_heads,window_testauc,oriauclate_vote,windowauclate_mean,d_ff,oriacclate_vote,oriaucearly_preds,windowaccconcepts,_timestamp,windowacclate_vote,testacc,d_model,final_fc_dim,windowacclate_all,loss3,oriauclate_all,windowaucconcepts,start,add_uuid,oriacclate_all,testauc,n_blocks,seed,bz,name,path_id,state,create_time
simplekt,models/simplekt_tiaocan_assist2009/assist2009_simplekt_qid_models/simplekt_tiaocan_assist2009_3407_0_0.05_64_256_2_4_0.5_0.5_0.5_50_256_64_4_2_0.001_1_1_1.0_de844eaa-63b7-4a56-a5ab-36336ba5a9c9,0.001,0.7567214700193423,0.7549822312734054,0.7155294207491695,0.7529805453293854,qid,2,1,0.7177058215638994,0.7509540784277926,480.1550385951996,0.5,0.717036016381521,0,{'runtime': 474},4,256,0.7121167930520449,0.7159494444232312,0,0.05,assist2009,0.7349263741115633,0.7505675279298286,0.5,1,4,0.8166407294768181,0.7537154748235484,0.7541418725402388,64,0.7193133540016076,0.7515649342127715,0.7106589961539704,1704944459.0934536,0.7180877467639085,0.7596278108038252,256,64,0.7142693497269846,0.5,0.7520723451649651,0.7341761645870699,50,1,0.7161557009989666,0.8197055540109258,2,3407,512,fearless-sweep-48,1bprk9wn,finished,1704944459.0934536
simplekt,models/simplekt_tiaocan_assist2009/assist2009_simplekt_qid_models/simplekt_tiaocan_assist2009_42_0_0.1_64_256_2_4_0.5_0.5_0.5_50_256_64_8_2_0.001_1_1_1.0_1785f217-e385-4985-a876-8b89b2b1a407,0.001,0.7533365570599613,0.7570253409876075,0.7177249990454008,0.7576942762506479,qid,2,1,0.7176675469820493,0.7552449830188742,488.1381936073303,0.5,0.7171317028361465,0,{'runtime': 474},4,256,0.7127001101821245,0.7185459544083393,0,0.1,assist2009,0.7372326791252093,0.7535861007257254,0.5,1,8,0.810116482048683,0.756926964957052,0.757713347317306,64,0.719007157346806,0.7532175143961684,0.7132284024433599,1704944462.4136703,0.719767841460155,0.7586424140604807,256,64,0.7174386192676314,0.5,0.7545545876765103,0.7375313935503145,50,1,0.7167680943085697,0.81986383522032,2,42,512,zesty-sweep-47,jfkn5xy8,finished,1704944462.4136703
simplekt,models/simplekt_tiaocan_assist2009/assist2009_simplekt_qid_models/simplekt_tiaocan_assist2009_3407_0_0.05_256_64_2_4_0.5_0.5_0.5_50_64_256_4_4_0.001_1_1_1.0_1397af99-165b-4258-b314-d3362ed31bc7,0.001,0.7639587362991618,0.7678646663045747,0.7279392111191721,0.7666452587696067,qid,2,1,0.7274849772266238,0.7660604129890254,284.33472299575806,0.5,0.7267577601714701,0,{'runtime': 278},4,64,0.7212230215827338,0.728951086333957,0,0.05,assist2009,0.7508927855452492,0.766693937596079,0.5,1,4,0.8212884277015133,0.7661272792804745,0.7685019547447922,256,0.7288628621732307,0.7661997348930357,0.7224718011699687,1704944273.798781,0.7300393294894804,0.7643932540708194,64,256,0.7269082439192027,0.5,0.7653127624213905,0.7518120571322251,50,1,0.7256286600068894,0.8231328256892372,4,3407,512,mild-sweep-46,ykttcb4l,finished,1704944273.798781
simplekt,models/simplekt_tiaocan_assist2009/assist2009_simplekt_qid_models/simplekt_tiaocan_assist2009_42_0_0.5_64_64_2_4_0.5_0.5_0.5_50_256_64_4_2_0.001_1_1_1.0_91fa20bf-a68a-41d3-ae54-9bd91766443e,0.001,0.7541586073500968,0.7536937127953715,0.7133147504677536,0.7538207074268093,qid,2,1,0.7140123244153558,0.7519540148786585,476.0563633441925,0.5,0.7135721667240785,0,{'runtime': 469},4,64,0.7067859226132608,0.713601130245523,0,0.5,assist2009,0.7324033671267425,0.7496590149270558,0.5,1,4,0.8169581486538908,0.7537517069995547,0.7535504923333933,64,0.7157729551804647,0.7501659617825163,0.7064412914902557,1704944394.6441064,0.7155103287639849,0.756639312483846,256,64,0.7133720264233075,0.5,0.7519969054270402,0.7318943475803816,50,1,0.7134382056876029,0.8200179843136521,2,42,512,crimson-sweep-45,7c58e5k1,finished,1704944394.6441064
simplekt,models/simplekt_tiaocan_assist2009/assist2009_simplekt_qid_models/simplekt_tiaocan_assist2009_42_0_0.05_64_256_2_4_0.5_0.5_0.5_50_256_64_4_2_0.001_1_1_1.0_4326c087-3a38-4023-a3cf-88824d8ef54d,0.001,0.7566731141199227,0.7546144711911608,0.717362251326893,0.754289111044093,qid,2,1,0.7166915451448693,0.7515991717292456,481.2484478950501,0.5,0.7158686416350901,0,{'runtime': 476},4,256,0.7123922483634714,0.7178395509565084,0,0.05,assist2009,0.7342583701284453,0.7497857676131217,0.5,1,4,0.8134455068211339,0.7538358853942617,0.7548214014693926,64,0.7189688827649557,0.7502138007443149,0.7131799230794093,1704944256.8428488,0.7206460727786476,0.759417808219178,256,64,0.7174386192676314,0.5,0.7515455318364394,0.7331581051531624,50,1,0.7160026026715658,0.8191806496438627,2,42,512,silver-sweep-44,ntk8nfgy,finished,1704944256.8428488
simplekt,models/simplekt_tiaocan_assist2009/assist2009_simplekt_qid_models/simplekt_tiaocan_assist2009_3407_0_0.05_256_64_2_4_0.5_0.5_0.5_50_256_256_8_2_0.001_1_1_1.0_11bfc4a1-0a63-4097-8446-d25067d08a10,0.001,0.7595261121856867,0.7558821246265169,0.7205124288823552,0.7550497315468213,qid,2,1,0.7213227695487426,0.7532398765660085,484.3026194572449,0.5,0.7206529643663643,0,{'runtime': 479},4,64,0.7156977121005897,0.7203787849860629,0,0.05,assist2009,0.7383593593026478,0.7532712549394506,0.5,1,8,0.8162278322684177,0.7552774888678498,0.7556973831042306,256,0.7226049680407242,0.7536431002495354,0.7159109272486345,1704944251.3982284,0.7228034671045095,0.7624870767640217,256,256,0.719214173889801,0.5,0.7535647526578217,0.7380771689476978,50,1,0.719619550656409,0.8207087663740885,2,3407,512,fresh-sweep-43,ebe8x6lu,finished,1704944251.3982284
simplekt,models/simplekt_tiaocan_assist2009/assist2009_simplekt_qid_models/simplekt_tiaocan_assist2009_42_0_0.05_256_64_2_4_0.5_0.5_0.5_50_256_64_8_1_0.001_1_1_1.0_133f1f40-26f4-4a2e-8abe-d2c1fb31e446,0.001,0.7556737588652482,0.7572916010827124,0.7199969452823705,0.7575559770127378,qid,2,1,0.7196578252382593,0.7536277413827975,472.8737714290619,0.5,0.7191219810923566,0,{'runtime': 466},4,64,0.713963963963964,0.7200351292527397,0,0.05,assist2009,0.7367818390320047,0.7527163466845983,0.5,1,8,0.8094809325596354,0.757263508513828,0.7571573256082387,64,0.7227772036590501,0.7531159047686401,0.7150544584855046,1704944232.8911154,0.7235098705563404,0.7602255104678212,256,256,0.7189468860972164,0.5,0.75365185638522,0.736552851559082,50,1,0.7179354690550006,0.8177244312804046,1,42,512,devoted-sweep-42,qq5g20gw,finished,1704944232.8911154
simplekt,models/simplekt_tiaocan_assist2009/assist2009_simplekt_qid_models/simplekt_tiaocan_assist2009_3407_0_0.05_64_64_2_4_0.5_0.5_0.5_50_256_256_8_2_0.001_1_1_1.0_1b267f30-2a3c-47fc-8cd7-0ebbbfc5ff74,0.001,0.7585106382978724,0.7537391062998033,0.7174004352972622,0.7524295713321474,qid,2,1,0.718222528418877,0.7499648645093872,481.70437812805176,0.5,0.7178971944731504,0,{'runtime': 479},4,64,0.7128783459718712,0.7179731948528008,0,0.05,assist2009,0.7353045340536547,0.7495318937256032,0.5,1,8,0.8151113921710589,0.7531085834919561,0.7532201016824105,256,0.7213610441305929,0.7503710639920753,0.7124688924081316,1704944201.7974992,0.7210660964527091,0.7606293615921427,256,64,0.7165985719195082,0.5,0.7507361513912199,0.7339701057078956,50,1,0.7169211926359704,0.8183251935343785,2,3407,512,devout-sweep-41,c5gi00ev,finished,1704944201.7974992
simplekt,models/simplekt_tiaocan_assist2009/assist2009_simplekt_qid_models/simplekt_tiaocan_assist2009_3407_0_0.05_64_64_2_4_0.5_0.5_0.5_50_256_64_8_2_0.001_1_1_1.0_bae52d07-eed6-4197-bb2d-7822719c0bf2,0.001,0.7548033526756931,0.755133732839287,0.7175722631639238,0.7567297520723376,qid,2,1,0.7186435488192292,0.7535960791101628,488.82696175575256,0.5,0.71782064530945,0,{'runtime': 473},4,64,0.7122140125737249,0.718469586467601,0,0.05,assist2009,0.7363854045366127,0.7534919047133719,0.5,1,8,0.811421149186248,0.7553823829400674,0.7563369170426631,64,0.7198874727293604,0.7522590826094073,0.7127112892278853,1704944204.4941628,0.7203978769712475,0.7582547169811321,256,64,0.7167131238306159,0.5,0.7526485514886257,0.7373626968023719,50,1,0.7168829180541203,0.8171612043946026,2,3407,512,rare-sweep-40,jm1og4ly,finished,1704944204.4941628
simplekt,models/simplekt_tiaocan_assist2009/assist2009_simplekt_qid_models/simplekt_tiaocan_assist2009_42_0_0.05_64_256_2_4_0.5_0.5_0.5_50_256_64_8_2_0.001_1_1_1.0_9bcec354-b2fc-4660-b4f1-871bb303f5b1,0.001,0.7518858800773695,0.7526415710505415,0.7165222039787698,0.7534086297256721,qid,2,1,0.7149117770888354,0.7517477253427304,481.16310477256775,0.5,0.7146438550158839,0,{'runtime': 479},4,256,0.7101237928576059,0.7170376875787544,0,0.05,assist2009,0.7345984283246246,0.7506149303961422,0.5,1,8,0.8076057261727343,0.7516918366067931,0.7540655827379675,64,0.7157538178895395,0.7494359482668277,0.7112084289454123,1704944160.1955209,0.7175913551491084,0.7557993021452571,256,64,0.7153575928825079,0.5,0.7505393341814722,0.7353284068896935,50,1,0.7136869904696291,0.8158470007825543,2,42,512,swift-sweep-39,0ccr6oqi,finished,1704944160.1955209
simplekt,models/simplekt_tiaocan_assist2009/assist2009_simplekt_qid_models/simplekt_tiaocan_assist2009_42_0_0.05_64_64_2_4_0.5_0.5_0.5_50_256_64_4_2_0.001_1_1_1.0_a2d9c142-d0c8-4654-947b-c4af6a86bbed,0.001,0.7521598968407479,0.7508528913923966,0.7099736530604452,0.7501461479829998,qid,2,1,0.7092280016840816,0.7479117427159059,472.6930868625641,0.5,0.708519921919853,0,{'runtime': 470},4,64,0.7044202475857152,0.7106800565122762,0,0.05,assist2009,0.7321804847853679,0.7467786749414029,0.5,1,4,0.8130462164070917,0.7497126416777672,0.7509936084248501,64,0.7120029088682206,0.7469140771107114,0.7056656216670437,1704944151.4829698,0.7135820382603383,0.7535377358490566,256,64,0.7091908816678758,0.5,0.7479887682288289,0.7317024223089774,50,1,0.7076204692463735,0.817453291580332,2,42,512,peach-sweep-38,dinodwiz,finished,1704944151.4829698
simplekt,models/simplekt_tiaocan_assist2009/assist2009_simplekt_qid_models/simplekt_tiaocan_assist2009_3407_0_0.5_64_64_2_4_0.5_0.5_0.5_50_256_64_4_1_0.001_1_1_1.0_c734fab0-6bcf-4204-9b00-b9f782a74e89,0.001,0.7513378465506125,0.7462782073476733,0.7083508343197525,0.7492984708604287,qid,2,1,0.7091514525203813,0.7456756451249337,481.19780683517456,0.5,0.7075630573735981,0,{'runtime': 476},4,64,0.7024434506448894,0.7098591011493375,0,0.5,assist2009,0.7275284544648395,0.7460893487222828,0.5,1,4,0.8146231417109601,0.7473348689778048,0.7480602868397239,64,0.7103762391395874,0.7446573124421316,0.7032739730454737,1704944137.3783548,0.7115964718011378,0.7512923235978289,256,64,0.7076826148382909,0.5,0.7440769961928837,0.7285744801162162,50,1,0.7068932521912198,0.8144212057036381,1,3407,512,absurd-sweep-37,ihgd66go,finished,1704944137.3783548
simplekt,models/simplekt_tiaocan_assist2009/assist2009_simplekt_qid_models/simplekt_tiaocan_assist2009_3407_0_0.05_64_64_2_4_0.5_0.5_0.5_50_256_64_4_1_0.001_1_1_1.0_ecba688e-0604-4656-8958-33d015fed8a8,0.001,0.7549161831076725,0.7472037136489933,0.714345717667723,0.7490087924608015,qid,2,1,0.7145864431431087,0.7452685162849322,476.20036220550537,0.5,0.7133425192329774,0,{'runtime': 472},4,64,0.7089085488366064,0.7153575928825079,0,0.05,assist2009,0.7265743541907567,0.7423642599670126,0.5,1,4,0.8109240974456142,0.7472051667813921,0.748621544472342,64,0.716423623071918,0.7413773868436546,0.7095116512071361,1704944131.932089,0.7175340791935545,0.7559931506849316,256,64,0.7141547978158769,0.5,0.7440052850226722,0.7272828383432834,50,1,0.7134956175603782,0.8126194214504898,1,3407,512,easy-sweep-36,hvc3el28,finished,1704944131.932089
simplekt,models/simplekt_tiaocan_assist2009/assist2009_simplekt_qid_models/simplekt_tiaocan_assist2009_3407_0_0.1_64_64_2_4_0.5_0.5_0.5_50_64_256_8_4_0.001_1_1_1.0_cf9c5faf-b0fa-4b2d-93b1-bf3b62cbca26,0.001,0.7585428755641521,0.768441680630231,0.7275764634006644,0.7672563205449954,qid,2,1,0.7270830941171967,0.7675550062198437,282.7639398574829,0.5,0.7260879549890917,0,{'runtime': 280},4,64,0.7213688508652537,0.7286647065561878,0,0.1,assist2009,0.7532833619655552,0.7681170554488178,0.5,1,8,0.8133995529682037,0.7662172304799981,0.7694754996420182,256,0.7271979178627473,0.767193673481347,0.7230050741734269,1704943934.2967098,0.7286647065561878,0.7605485913672784,64,64,0.7268700599488335,0.5,0.766535813669903,0.7543527279498177,50,1,0.725150227733762,0.8176173159896596,4,3407,512,fresh-sweep-35,8dkxhwmj,finished,1704943934.2967098
simplekt,models/simplekt_tiaocan_assist2009/assist2009_simplekt_qid_models/simplekt_tiaocan_assist2009_3407_0_0.05_64_64_2_4_0.5_0.5_0.5_50_256_64_4_4_0.0001_1_1_1.0_3574e729-4f3d-4406-80f5-6902bb4836a9,0.0001,0.7582527401676338,0.7419067528864489,0.7193478177860934,0.7410699817361877,qid,2,1,0.7194855896199334,0.7411231444301319,486.7746093273163,0.5,0.7194281777471581,0,{'runtime': 484},4,64,0.714660703869337,0.7196532895490473,0,0.05,assist2009,0.7275297798469662,0.7404639257599341,0.5,1,4,0.807276786272149,0.7402834593987792,0.7426038226464821,64,0.7209591610211659,0.7397599607057745,0.7152483759413076,1704944138.3200593,0.7207606246897552,0.7607909020418713,256,64,0.7183550345564932,0.5,0.7403180763652903,0.7287633746933746,50,1,0.718012018218701,0.809439433886835,4,3407,512,comfy-sweep-33,jfweatx5,finished,1704944138.3200593
simplekt,models/simplekt_tiaocan_assist2009/assist2009_simplekt_qid_models/simplekt_tiaocan_assist2009_42_0_0.3_64_256_2_4_0.5_0.5_0.5_50_64_64_4_4_0.001_1_1_1.0_9dfdb3ea-abae-4024-88f3-a9389f7dbc1d,0.001,0.7574629271437782,0.76884412521111,0.726392760319218,0.7683798156183084,qid,2,1,0.7273701534810733,0.7672572568587672,288.0330946445465,0.5,0.7258965820798408,0,{'runtime': 286},4,256,0.7206721109598807,0.727595555385849,0,0.3,assist2009,0.7535298448801123,0.7691095409297861,0.5,1,4,0.8125849242709625,0.7679601320978547,0.7694871450445562,64,0.7287863130095303,0.768572157459825,0.7216961313467567,1704943925.6964116,0.7291992821413571,0.7603224347376583,64,64,0.725590896941464,0.5,0.7667606384375092,0.7547070387141257,50,1,0.7248631683698855,0.8175761645955173,4,42,512,lyric-sweep-34,5g17bmpy,finished,1704943925.6964116
simplekt,models/simplekt_tiaocan_assist2009/assist2009_simplekt_qid_models/simplekt_tiaocan_assist2009_3407_0_0.3_256_256_2_4_0.5_0.5_0.5_50_64_256_8_4_0.001_1_1_1.0_bdf96024-0c1f-4d4e-a616-254e73e72bfa,0.001,0.7539974210186976,0.7684071478802503,0.7267746000229104,0.7672854032099241,qid,2,1,0.7276954874267999,0.7679452695498679,297.55175399780273,0.5,0.7267003482986948,0,{'runtime': 291},4,256,0.7212068183291205,0.7276337393562182,0,0.3,assist2009,0.7546498354945614,0.7691533302055392,0.5,1,8,0.8077305376735244,0.7666956018245871,0.7691362472240353,256,0.7276763501358747,0.7686791617122783,0.7213729355870852,1704943933.624081,0.7275764634006644,0.7558800723701214,64,256,0.7259345526747871,0.5,0.7671210327513177,0.7552034192912331,50,1,0.7253990125157883,0.8098743054320057,4,3407,512,sunny-sweep-32,mi8z7kx1,finished,1704943933.624081
simplekt,models/simplekt_tiaocan_assist2009/assist2009_simplekt_qid_models/simplekt_tiaocan_assist2009_3407_0_0.05_256_64_2_4_0.5_0.5_0.5_50_256_64_4_2_0.0001_1_1_1.0_56791657-ffdf-40f3-bab2-9c88978b1b66,0.0001,0.75535138620245,0.7421355525153953,0.7190996219786934,0.7423625549902455,qid,2,1,0.718815784437555,0.741588364264269,479.06900429725647,0.5,0.7189497454740307,0,{'runtime': 476},4,64,0.7132024110441376,0.7189850700675856,0,0.05,assist2009,0.7286940651079987,0.7414375529009374,0.5,1,4,0.8032638672342738,0.7416854040369645,0.7431324587593324,64,0.71981092356566,0.7404961784373746,0.7138586341747196,1704944097.9354284,0.7199969452823705,0.7571562419229775,256,256,0.7179350108824315,0.5,0.7404957740391291,0.7295469573194122,50,1,0.7173804876181727,0.8056623080176126,2,3407,512,fancy-sweep-31,hy12bh3i,finished,1704944097.9354284
simplekt,models/simplekt_tiaocan_assist2009/assist2009_simplekt_qid_models/simplekt_tiaocan_assist2009_42_0_0.1_256_256_2_4_0.5_0.5_0.5_50_64_256_8_2_0.001_1_1_1.0_706188d0-c63d-4200-9dfd-e081ab93c63e,0.001,0.7515796260477111,0.767972129775468,0.7275000954599259,0.7671672663503317,qid,2,1,0.7278677230451257,0.7669285348074961,321.75446462631226,0.5,0.7284801163547289,0,{'runtime': 279},4,256,0.7217091191911336,0.7269846118599412,0,0.1,assist2009,0.7543736303020105,0.7674239468067494,0.5,1,8,0.802740560415596,0.7666577417271563,0.7684759752008441,256,0.728518390936579,0.7669281173093176,0.7218900488025597,1704943532.3651257,0.7283210508228646,0.7536669682088395,64,256,0.7252472412081408,0.5,0.766653665170383,0.7555775346707342,50,1,0.7260305431163164,0.8053878714525471,2,42,512,fiery-sweep-30,fnj1hz48,finished,1704943532.3651257
simplekt,models/simplekt_tiaocan_assist2009/assist2009_simplekt_qid_models/simplekt_tiaocan_assist2009_42_0_0.05_64_256_2_4_0.5_0.5_0.5_50_256_64_4_2_0.0001_1_1_1.0_1bcd9beb-91c2-4beb-8b28-bf0498a2d786,0.0001,0.7506286266924564,0.7382202362347092,0.718164114704647,0.7386946905062276,qid,2,1,0.7166532705630191,0.7379835016768557,536.0632636547089,0.5,0.716423623071918,0,{'runtime': 489},4,256,0.7107881262557522,0.7183168505861239,0,0.05,assist2009,0.7263100119371535,0.7376485464962348,0.5,1,4,0.7951804937242604,0.7378635951179766,0.739064760616517,64,0.717629272400199,0.7369245482286452,0.7120487379205584,1704943735.0532997,0.7186414143342624,0.7529400361850608,256,64,0.7169040436824621,0.5,0.73705832539284,0.726768749536982,50,1,0.7151222872890114,0.7994981257005618,2,42,512,toasty-sweep-29,gg3op9pb,finished,1704943735.0532997
simplekt,models/simplekt_tiaocan_assist2009/assist2009_simplekt_qid_models/simplekt_tiaocan_assist2009_42_0_0.05_256_256_2_4_0.5_0.5_0.5_50_256_256_8_1_0.0001_1_1_1.0_cc468a04-d153-4141-a02c-84a65e268a9c,0.0001,0.7474532559638942,0.7411543552525515,0.7175913551491084,0.7414586832252491,qid,2,1,0.7157155433076894,0.7406682667509855,490.0673449039459,0.5,0.7158686416350901,0,{'runtime': 473},4,256,0.7101724026184458,0.7172476994157853,0,0.05,assist2009,0.7293960665381014,0.7397681797813542,0.5,1,8,0.792416635807995,0.7407489845444855,0.7417751066685975,256,0.7165193095265434,0.739322220659167,0.7119840987686241,1704943681.9395318,0.7182595746305701,0.749531532695787,256,256,0.7163885600824774,0.5,0.7400046208497989,0.7297822868464521,50,1,0.7145673058521835,0.7974685561444728,1,42,512,ethereal-sweep-28,79sgekf4,finished,1704943681.9395318
simplekt,models/simplekt_tiaocan_assist2009/assist2009_simplekt_qid_models/simplekt_tiaocan_assist2009_3407_0_0.05_256_64_2_4_0.5_0.5_0.5_50_64_64_8_2_0.001_1_1_1.0_d293364c-b485-409f-9a37-3d7725bd3bde,0.001,0.7501128304319794,0.7632759109487988,0.7256099889266486,0.7616671694608357,qid,2,1,0.7249014429517358,0.7623904164932431,318.94643545150757,0.5,0.7245952462969342,0,{'runtime': 280},4,64,0.7191652083738415,0.7259536446599717,0,0.05,assist2009,0.7512026726447343,0.7629495286704022,0.5,1,8,0.7985756737650447,0.761330653692571,0.7635338098158202,64,0.7250736785700617,0.7626440152526052,0.7207427038557254,1704943509.4228864,0.7265645881858795,0.7516315585422589,64,256,0.7240635381266944,0.5,0.762155963773983,0.751714406339203,50,1,0.7227006544953496,0.8022212711074184,2,3407,512,mild-sweep-27,zb71ub70,finished,1704943509.4228864
simplekt,models/simplekt_tiaocan_assist2009/assist2009_simplekt_qid_models/simplekt_tiaocan_assist2009_42_0_0.1_256_256_2_4_0.5_0.5_0.5_50_64_64_4_1_0.001_1_1_1.0_b92c946c-951b-4f39-a669-4b1620ae10dd,0.001,0.7470019342359768,0.7642331692656018,0.7241399060674328,0.7625650872508417,qid,2,1,0.7232364986412524,0.762812153093375,279.47693967819214,0.5,0.7242507750602825,0,{'runtime': 275},4,256,0.7178041350703221,0.7232234907785712,0,0.1,assist2009,0.7493685750257444,0.7620354215091645,0.5,1,4,0.7982414736074779,0.7627532575990812,0.7642090067121676,64,0.7252459141883875,0.7621440002596793,0.7180763388384345,1704943471.2745848,0.7248654015044484,0.7505007753941587,64,256,0.7223261674748941,0.5,0.7625737572147925,0.7500494815086698,50,1,0.7219543001492709,0.8036210856905088,1,42,512,distinctive-sweep-26,5ad79rfh,finished,1704943471.2745848
simplekt,models/simplekt_tiaocan_assist2009/assist2009_simplekt_qid_models/simplekt_tiaocan_assist2009_42_0_0.05_64_64_2_4_0.5_0.5_0.5_50_64_256_8_1_0.001_1_1_1.0_0dcfc94f-f8cc-451c-bd20-ff7a4dab9dee,0.001,0.7401676337846551,0.7641597936271696,0.7229943869563558,0.7643132380469584,qid,2,1,0.7214758678761435,0.7640336969836843,279.62737464904785,0.5,0.7218394764037203,0,{'runtime': 276},4,64,0.7163296389915095,0.7226698232082172,0,0.05,assist2009,0.7526427763624073,0.7639543815593762,0.5,1,8,0.7890154060490582,0.7634863362786815,0.7649613261290316,256,0.7223561832586979,0.763016593950486,0.7178501018066643,1704943470.6462317,0.7233380426896788,0.7425368312225381,64,64,0.7213333842452938,0.5,0.763187780733123,0.7542492010434989,50,1,0.7203659050024879,0.7934068863800036,1,42,512,sleek-sweep-25,0iw5n6cd,finished,1704943470.6462317
simplekt,models/simplekt_tiaocan_assist2009/assist2009_simplekt_qid_models/simplekt_tiaocan_assist2009_42_0_0.3_256_256_2_4_0.5_0.5_0.5_50_64_256_8_1_0.001_1_1_1.0_2d41abdc-7787-452c-b710-d2e280c7651c,0.001,0.7397001934235977,0.7743887699678208,0.7292565580969109,0.7748571204163408,qid,2,1,0.728327018027328,0.7747532868567422,286.7657525539398,0.5,0.7288054503004555,0,{'runtime': 370},4,256,0.7245770950806922,0.7292756500820955,0,0.3,assist2009,0.7650426608155138,0.7749462766249202,0.5,1,8,0.7902404367840606,0.7739766524033684,0.7751715288871462,256,0.7288628621732307,0.774184031637233,0.7249765683074239,1704943478.6728776,0.7293329260376494,0.7415514344791936,64,256,0.7285310626598954,0.5,0.7739697680992483,0.7665764532845786,50,1,0.7281930569908523,0.7924573830373227,1,42,512,stellar-sweep-24,6yn4gsqh,finished,1704943478.6728776
simplekt,models/simplekt_tiaocan_assist2009/assist2009_simplekt_qid_models/simplekt_tiaocan_assist2009_42_0_0.3_64_256_2_4_0.5_0.5_0.5_50_256_64_4_2_0.0001_1_1_1.0_1d6f42be-c61c-498e-afee-862aa533a1f4,0.0001,0.7390876853642812,0.7346154858891237,0.7145366375195693,0.73581261312078,qid,2,1,0.7131894209055766,0.7353970827626091,497.2864191532135,0.5,0.7130937344509511,0,{'runtime': 497},4,256,0.7074664592650204,0.7144984535492,0,0.3,assist2009,0.7229825691973778,0.7350910149179457,0.5,1,4,0.7791084623223102,0.7344839245730757,0.7360126885066915,64,0.7141654227427565,0.7337595082786827,0.7086228628680392,1704943691.873387,0.7153003169269541,0.7407275781855777,256,64,0.713601130245523,0.5,0.7339033707696521,0.7242631008305731,50,1,0.7122899682320971,0.7822562087768583,2,42,512,ethereal-sweep-23,3grxh1pw,finished,1704943691.873387
simplekt,models/simplekt_tiaocan_assist2009/assist2009_simplekt_qid_models/simplekt_tiaocan_assist2009_3407_0_0.05_64_64_2_4_0.5_0.5_0.5_50_64_256_4_4_0.0001_1_1_1.0_1a7250a7-c5be-4875-99d9-4939392f4a54,0.0001,0.723565441650548,0.7418445486502363,0.7189087021268471,0.7436191956216955,qid,2,1,0.7175144486546484,0.744199155805585,304.99589133262634,0.5,0.7175527232364987,0,{'runtime': 301},4,64,0.7145796876012703,0.7189277941120318,0,0.05,assist2009,0.7362954220828608,0.7438644900597957,0.5,1,4,0.7513540634018396,0.7412951430456622,0.7442103093270707,256,0.7178780571822253,0.7414471769235762,0.7159432468246016,1704943496.8701043,0.7186414143342624,0.7237819850090462,64,64,0.7187559662453702,0.5,0.7417656496785966,0.7388903259142754,50,1,0.7172848011635473,0.7515421131274619,4,3407,512,giddy-sweep-22,nsk0jp3u,finished,1704943496.8701043
simplekt,models/simplekt_tiaocan_assist2009/assist2009_simplekt_qid_models/simplekt_tiaocan_assist2009_42_0_0.1_64_256_2_4_0.5_0.5_0.5_50_64_256_4_2_0.0001_1_1_1.0_ec3951e3-8136-45e1-866d-0b25d7ae57a5,0.0001,0.7183591231463572,0.7319111866325408,0.7153575928825079,0.7324471953828091,qid,2,1,0.7135530294331535,0.7332344897567591,310.20524168014526,0.5,0.7143567956520075,0,{'runtime': 287},4,256,0.7103668416618056,0.7146702814158616,0,0.1,assist2009,0.7255500992251003,0.7333161862965798,0.5,1,4,0.7393135374669323,0.7311678176463088,0.733325800910464,256,0.7142228346155318,0.7318107568309351,0.7120164183445913,1704943490.9455266,0.715204857001031,0.7176272938743862,64,64,0.7144220856084615,0.5,0.7316711154949328,0.7275812186623155,50,1,0.7130745971600261,0.7392998868722597,2,42,512,trim-sweep-21,jfdibmel,finished,1704943490.9455266
simplekt,models/simplekt_tiaocan_assist2009/assist2009_simplekt_qid_models/simplekt_tiaocan_assist2009_3407_0_0.3_256_64_2_4_0.5_0.5_0.5_50_64_64_8_4_0.0001_1_1_1.0_59d81624-073e-4509-a50f-022257c55665,0.0001,0.7146518375241779,0.7327274831617032,0.7138111420825537,0.7341010339181563,qid,2,1,0.7120603207409959,0.7342000585892017,321.2517743110657,0.5,0.7121177326137712,0,{'runtime': 317},4,64,0.7086817032860199,0.7137538661269999,0,0.3,assist2009,0.7272174310794317,0.7343972000865204,0.5,1,8,0.7379187630006956,0.7323764170203904,0.7343834511412177,64,0.7119072224135952,0.7327144295994765,0.7105458776380854,1704943500.963303,0.713601130245523,0.7138957094856552,64,256,0.7129329107640613,0.5,0.7325783269467463,0.7291803628663309,50,1,0.711486202013243,0.7375992409980727,4,3407,512,visionary-sweep-20,szk4fg7h,finished,1704943500.963303
simplekt,models/simplekt_tiaocan_assist2009/assist2009_simplekt_qid_models/simplekt_tiaocan_assist2009_42_0_0.3_256_64_2_4_0.5_0.5_0.5_50_64_256_4_1_0.0001_1_1_1.0_f25ea3d3-96d8-4c9b-bc34-2e875712722c,0.0001,0.7146518375241779,0.7262308023075755,0.7122074153270457,0.7274348594488642,qid,2,1,0.7107589849580893,0.7281758300152714,287.1316485404968,0.5,0.7109694951582654,0,{'runtime': 292},4,64,0.7065428738090609,0.7118637595937225,0,0.3,assist2009,0.7189213318043348,0.7283446654187122,0.5,1,4,0.7340752033881883,0.7251760983145302,0.7284079053477878,256,0.7107398476671642,0.7260634370486336,0.7085582237161049,1704943469.7820086,0.7120355874603841,0.7142834065650039,64,256,0.7116537477566918,0.5,0.7258653113046809,0.7217590368786615,50,1,0.710108317066636,0.7337650883055103,1,42,512,revived-sweep-19,stq3vgle,finished,1704943469.7820086
simplekt,models/simplekt_tiaocan_assist2009/assist2009_simplekt_qid_models/simplekt_tiaocan_assist2009_3407_0_0.1_256_256_2_4_0.5_0.5_0.5_50_256_256_4_2_1e-05_1_1_1.0_a8fa1be9-9c40-47d1-9f84-77399d4adb9c,1e-05,0.7100096711798839,0.7187376666976641,0.7104891366604299,0.7195608900345658,qid,2,1,0.7084816473380028,0.7206738088744452,514.7534663677216,0.5,0.708118038810426,0,{'runtime': 497},4,256,0.704209605288742,0.7111000801863377,0,0.1,assist2009,0.7120734736489058,0.7207522370149254,0.5,1,4,0.7200901348499307,0.7173677457924472,0.7209025865478156,256,0.7079649404830253,0.7185013312782297,0.7068937655537959,1704943693.8722863,0.7102409408530299,0.7081125613853709,256,256,0.7096490893123067,0.5,0.7184946416255243,0.7141968031559452,50,1,0.7071420369732461,0.7193101076743544,2,3407,512,laced-sweep-18,x5770bag,finished,1704943693.8722863
simplekt,models/simplekt_tiaocan_assist2009/assist2009_simplekt_qid_models/simplekt_tiaocan_assist2009_42_0_0.05_64_64_2_4_0.5_0.5_0.5_50_256_64_4_4_1e-05_1_1_1.0_de1b1560-0b5a-4ed8-84d6-f60bcc6d6d7e,1e-05,0.7103965183752418,0.7134867270910527,0.7100882049715529,0.7161145309760748,qid,2,1,0.7080223523558005,0.7169907364088837,522.1762738227844,0.5,0.7081371761013511,0,{'runtime': 517},4,64,0.7050683777302482,0.7101072969567376,0,0.05,assist2009,0.7063769055166067,0.7165059757695914,0.5,1,4,0.7174082512908305,0.7125345193825926,0.7170293822853356,64,0.7078118421556244,0.713001165561549,0.7073462396173362,1704943700.6380658,0.7096872732826759,0.708904109589041,256,64,0.7102027568826607,0.5,0.7134072441651684,0.7100611520102044,50,1,0.7079840777739503,0.7152700457871395,4,42,512,major-sweep-17,eu3n4lkx,finished,1704943700.6380658
simplekt,models/simplekt_tiaocan_assist2009/assist2009_simplekt_qid_models/simplekt_tiaocan_assist2009_3407_0_0.3_256_64_2_4_0.5_0.5_0.5_50_256_64_4_1_1e-05_1_1_1.0_f92b6b6b-11c2-43b9-9030-1f680c352824,1e-05,0.6465183752417795,0.6946102281716755,0.646416434380847,0.6967710175712565,qid,2,1,0.6471849045049183,0.696743588480734,487.7034704685211,0.5,0.6468978451410419,0,{'runtime': 488},4,64,0.647174152569836,0.6466264462178777,0,0.3,assist2009,0.6886529673263916,0.6963315890693464,0.5,1,4,0.6947736906376816,0.6945286358600511,0.6968116973995846,64,0.6469743943047422,0.694064920575255,0.6467793542548722,1704943666.6315763,0.64651189430677,0.647001809253037,256,256,0.6477337813585856,0.5,0.6944934246108532,0.6906242655849915,50,1,0.6482757300876488,0.6937683716118203,1,3407,512,confused-sweep-16,4ive0p0e,finished,1704943666.6315763
simplekt,models/simplekt_tiaocan_assist2009/assist2009_simplekt_qid_models/simplekt_tiaocan_assist2009_3407_0_0.1_256_256_2_4_0.5_0.5_0.5_50_64_256_4_4_1e-05_1_1_1.0_a28a025d-7961-4fe6-a097-7d898aa0b7e3,1e-05,0.6395228884590587,0.679508272040794,0.6397724235365994,0.6796482775274508,qid,2,1,0.6397022237532055,0.6796482775274508,320.7183063030243,0.5,0.6397022237532055,0,{'runtime': 310},4,256,0.6397206559077062,0.6397724235365994,0,0.1,assist2009,0.6786979908477095,0.6773137784202071,0.5,1,4,0.683662704798512,0.6795081616059098,0.6796481288560074,256,0.6397022237532055,0.6774498579584134,0.639830645421932,1704943502.8930984,0.6397724235365994,0.6393932540708194,64,256,0.6397724235365994,0.5,0.6795081616059098,0.678575818517029,50,1,0.6397022237532055,0.6849542234256975,4,3407,512,good-sweep-15,pp2my3rb,finished,1704943502.8930984
simplekt,models/simplekt_tiaocan_assist2009/assist2009_simplekt_qid_models/simplekt_tiaocan_assist2009_42_0_0.05_64_64_2_4_0.5_0.5_0.5_50_256_256_8_4_0.001_1_1_1.0_f28cd5d1-742b-4fe2-a1b6-59bef5c186a7,0.001,0.761073500967118,0.7600685243849178,0.7249226774600023,0.7582529906526152,qid,2,1,0.7246909327515597,0.757368865302217,489.4665098190307,0.5,0.724155088605657,0,{'runtime': 480},4,64,0.7189545660768683,0.7254190690748024,0,0.05,assist2009,0.7415607352486435,0.7569601232188924,0.5,1,8,0.8162169556235052,0.7586743189280869,0.759610615571265,256,0.7258583074979906,0.7577185177161603,0.7194984001809897,1704885197.0708275,0.7263163923784796,0.7656209614887568,256,64,0.7241208140822483,0.5,0.7580192454126093,0.7408174786039899,50,1,0.7231408121866268,0.8248292732384359,4,42,512,chocolate-sweep-48,oinu2418,finished,1704885197.0708275
simplekt,models/simplekt_tiaocan_assist2009/assist2009_simplekt_qid_models/simplekt_tiaocan_assist2009_3407_0_0.05_256_256_2_4_0.5_0.5_0.5_50_256_64_8_2_0.001_1_1_1.0_cb8c9ac0-b3e7-48d2-8761-861e013c6703,0.001,0.7594294003868471,0.7584391728685216,0.7210279124823399,0.7588221982534332,qid,2,1,0.7209400237302408,0.7563250470513487,478.1278336048126,0.5,0.7214184560033682,0,{'runtime': 472},4,256,0.716151403201763,0.7204360609416167,0,0.05,assist2009,0.7390043983492198,0.7556841782331467,0.5,1,8,0.8168373616582278,0.7583582813019906,0.7590654215717962,64,0.7236192444597542,0.7553920662520831,0.7164765198280598,1704884857.4153786,0.7232234907785712,0.7627293874386146,256,256,0.7202451410897706,0.5,0.7556434684855204,0.7393084982620257,50,1,0.7204424541661882,0.8208466552342073,2,3407,512,colorful-sweep-47,t0vgy78y,finished,1704884857.4153786
simplekt,models/simplekt_tiaocan_assist2009/assist2009_simplekt_qid_models/simplekt_tiaocan_assist2009_3407_0_0.05_256_256_2_4_0.5_0.5_0.5_50_256_64_8_2_0.001_1_1_1.0_c5d021d1-e37d-4608-8816-8f5118a1c5bf,0.001,0.7594294003868471,0.7584391728685216,0.7210279124823399,0.7588221982534332,qid,2,1,0.7209400237302408,0.7563250470513487,494.89002561569214,0.5,0.7214184560033682,0,{'runtime': 475},4,256,0.716151403201763,0.7204360609416167,0,0.05,assist2009,0.7390043983492198,0.7556841782331467,0.5,1,8,0.8168373616582278,0.7583582813019906,0.7590654215717962,64,0.7236192444597542,0.7553920662520831,0.7164765198280598,1704884733.6278305,0.7232234907785712,0.7627293874386146,256,256,0.7202451410897706,0.5,0.7556434684855204,0.7393084982620257,50,1,0.7204424541661882,0.8208466552342073,2,3407,512,spring-sweep-46,9ju6q5sc,finished,1704884733.6278305
simplekt,models/simplekt_tiaocan_assist2009/assist2009_simplekt_qid_models/simplekt_tiaocan_assist2009_3407_0_0.05_64_256_2_4_0.5_0.5_0.5_50_256_256_8_2_0.001_1_1_1.0_a29be1c2-0865-4a14-9122-429a30bb0e92,0.001,0.7597356544165055,0.7621865447029949,0.7199969452823705,0.7609838675984002,qid,2,1,0.7207677881119149,0.7589380156803456,479.0347719192505,0.5,0.7198874727293604,0,{'runtime': 472},4,256,0.7150981917168967,0.720722440719386,0,0.05,assist2009,0.7429954440288422,0.7585358238393963,0.5,1,8,0.81992970811291,0.761468990466846,0.7618971989793926,256,0.7238106173690052,0.759030523866751,0.7151675770013898,1704884613.674579,0.723433502615602,0.7631817006978547,256,64,0.7187559662453702,0.5,0.7590755145619288,0.7422525471747135,50,1,0.7181268419642516,0.8252101392376774,2,3407,512,fallen-sweep-45,cxt2unf4,finished,1704884613.674579
simplekt,models/simplekt_tiaocan_assist2009/assist2009_simplekt_qid_models/simplekt_tiaocan_assist2009_42_0_0.05_64_256_2_4_0.5_0.5_0.5_50_256_64_8_4_0.001_1_1_1.0_96729df9-b170-422b-9ee1-d6a7d55daddc,0.001,0.7582688588007737,0.7636813166146698,0.7234716865859712,0.7615454573693493,qid,2,1,0.7244995598423087,0.760403977005399,485.45987820625305,0.5,0.7239254411145558,0,{'runtime': 477},4,256,0.7185008749756951,0.7240062621711405,0,0.05,assist2009,0.7460694312163327,0.759335726817045,0.5,1,8,0.8143909285540187,0.7623252000699938,0.7627512057095908,64,0.7261070922800168,0.760135826104712,0.718367215022139,1704884129.564186,0.7259727366451564,0.7650232618247609,256,64,0.7223643514452632,0.5,0.7615353650103092,0.7453836622760139,50,1,0.7231599494775519,0.8253097853693016,4,42,512,stoic-sweep-44,7ogsvozr,finished,1704884129.564186
simplekt,models/simplekt_tiaocan_assist2009/assist2009_simplekt_qid_models/simplekt_tiaocan_assist2009_42_0_0.05_64_256_2_4_0.5_0.5_0.5_50_256_64_8_4_0.001_1_1_1.0_d7883e14-1c85-4389-8515-83c655886229,0.001,0.7582688588007737,0.7636813166146698,0.7234716865859712,0.7615454573693493,qid,2,1,0.7244995598423087,0.760403977005399,518.0806260108948,0.5,0.7239254411145558,0,{'runtime': 485},4,256,0.7185008749756951,0.7240062621711405,0,0.05,assist2009,0.7460694312163327,0.759335726817045,0.5,1,8,0.8143909285540187,0.7623252000699938,0.7627512057095908,64,0.7261070922800168,0.760135826104712,0.718367215022139,1704882989.119968,0.7259727366451564,0.7650232618247609,256,64,0.7223643514452632,0.5,0.7615353650103092,0.7453836622760139,50,1,0.7231599494775519,0.8253097853693016,4,42,512,bumbling-sweep-43,h8rkbs4u,finished,1704882989.119968
simplekt,models/simplekt_tiaocan_assist2009/assist2009_simplekt_qid_models/simplekt_tiaocan_assist2009_42_0_0.05_64_256_2_4_0.5_0.5_0.5_50_256_64_8_4_0.001_1_1_1.0_188a5b1d-0f36-4e9c-b6e0-127d734a7aa9,0.001,0.7582688588007737,0.7636813166146698,0.7234716865859712,0.7615454573693493,qid,2,1,0.7244995598423087,0.760403977005399,481.06130361557007,0.5,0.7239254411145558,0,{'runtime': 475},4,256,0.7185008749756951,0.7240062621711405,0,0.05,assist2009,0.7460694312163327,0.759335726817045,0.5,1,8,0.8143909285540187,0.7623252000699938,0.7627512057095908,64,0.7261070922800168,0.760135826104712,0.718367215022139,1704882367.4462786,0.7259727366451564,0.7650232618247609,256,64,0.7223643514452632,0.5,0.7615353650103092,0.7453836622760139,50,1,0.7231599494775519,0.8253097853693016,4,42,512,still-sweep-42,qjkz6sv8,finished,1704882367.4462786
simplekt,models/simplekt_tiaocan_assist2009/assist2009_simplekt_qid_models/simplekt_tiaocan_assist2009_42_0_0.05_256_64_2_4_0.5_0.5_0.5_50_256_64_4_2_0.001_1_1_1.0_3adc7708-d517-4032-a8f6-9758291fbae2,0.001,0.7598484848484849,0.7600453131968199,0.720416968956432,0.7600466040690299,qid,2,1,0.7177249588548245,0.7568903876130243,498.7339670658112,0.5,0.717016879090596,0,{'runtime': 464},4,64,0.7124894678851513,0.7210088204971553,0,0.05,assist2009,0.7393587834306639,0.7567342731076703,0.5,1,4,0.8177834083107692,0.7594386117496688,0.7604267253178675,64,0.7210165728939412,0.7566549868773247,0.7155230923370285,1704881771.6441991,0.7241780900378021,0.7602578185577669,256,256,0.7199396693268166,0.5,0.7566600954838442,0.7394522763461191,50,1,0.7166915451448693,0.8227911299093456,2,42,512,dark-sweep-41,tk8kpyni,finished,1704881771.6441991
simplekt,models/simplekt_tiaocan_assist2009/assist2009_simplekt_qid_models/simplekt_tiaocan_assist2009_3407_0_0.5_64_256_2_4_0.5_0.5_0.5_50_256_64_8_4_0.001_1_1_1.0_835c0ec7-3b4f-422d-8d76-b665eab3c0ec,0.001,0.7562862669245648,0.7587896097693425,0.7160449043491542,0.7603235663154035,qid,2,1,0.7162896620354423,0.7576369373125911,485.8051793575287,0.5,0.7154093466528878,0,{'runtime': 478},4,256,0.7093946464450062,0.7169804116232006,0,0.5,assist2009,0.7376884180631369,0.756634509033435,0.5,1,8,0.8193227262990842,0.7592597596737658,0.759588257125933,64,0.7182608030007273,0.7560274227709826,0.7098348469668078,1704880750.1097314,0.7191950819046165,0.7580124063065392,256,64,0.7158921684676772,0.5,0.7570016840874942,0.7381896298579178,50,1,0.7153136601982624,0.8222491515617538,4,3407,512,devoted-sweep-40,1jo6kmvc,finished,1704880750.1097314
simplekt,models/simplekt_tiaocan_assist2009/assist2009_simplekt_qid_models/simplekt_tiaocan_assist2009_42_0_0.5_64_256_2_4_0.5_0.5_0.5_50_256_64_8_4_0.001_1_1_1.0_0198ffc9-36dc-476a-8f03-6fbcf55144eb,0.001,0.75535138620245,0.7598228782718902,0.7171713314750467,0.7596815041716258,qid,2,1,0.7172848011635473,0.7571743809115483,492.7209951877594,0.5,0.7161939755808168,0,{'runtime': 485},4,256,0.7101237928576059,0.7182786666157547,0,0.5,assist2009,0.7389937144137106,0.7557768717149542,0.5,1,8,0.8155762157512698,0.759968233620037,0.7589754073391942,64,0.7188540590194052,0.7568397269599021,0.7107236353059048,1704880362.8137412,0.720321509030509,0.7583031791160506,256,64,0.7174004352972622,0.5,0.7583207421807705,0.7377671712506856,50,1,0.7164618976537681,0.8221548892910189,4,42,512,morning-sweep-39,h40v4fzc,finished,1704880362.8137412
simplekt,models/simplekt_tiaocan_assist2009/assist2009_simplekt_qid_models/simplekt_tiaocan_assist2009_42_0_0.5_64_256_2_4_0.5_0.5_0.5_50_256_64_8_4_0.001_1_1_1.0_07b9f021-6f6a-4b6f-bd17-31a6f49282ab,0.001,0.75535138620245,0.7598228782718902,0.7171713314750467,0.7596815041716258,qid,2,1,0.7172848011635473,0.7571743809115483,508.7894868850708,0.5,0.7161939755808168,0,{'runtime': 480},4,256,0.7101237928576059,0.7182786666157547,0,0.5,assist2009,0.7389937144137106,0.7557768717149542,0.5,1,8,0.8155762157512698,0.759968233620037,0.7589754073391942,64,0.7188540590194052,0.7568397269599021,0.7107236353059048,1704879660.928181,0.720321509030509,0.7583031791160506,256,64,0.7174004352972622,0.5,0.7583207421807705,0.7377671712506856,50,1,0.7164618976537681,0.8221548892910189,4,42,512,fine-sweep-38,1y6vzogr,finished,1704879660.928181
simplekt,models/simplekt_tiaocan_assist2009/assist2009_simplekt_qid_models/simplekt_tiaocan_assist2009_3407_0_0.5_64_64_2_4_0.5_0.5_0.5_50_256_64_8_4_0.001_1_1_1.0_9bf1157c-001d-452f-a5db-b5fbdf689903,0.001,0.7557382333978079,0.759278791815162,0.7175531711787392,0.7609209977663223,qid,2,1,0.7171317028361465,0.7587562015762084,505.7296133041382,0.5,0.7157538178895395,0,{'runtime': 487},4,64,0.7093460366841662,0.7186223223490779,0,0.5,assist2009,0.7370686655077082,0.7565076068851201,0.5,1,8,0.8172565215871526,0.7593843596196235,0.7605563462556655,64,0.7187966471466299,0.7554529937339135,0.7108852331857406,1704879045.1192343,0.7205887968230936,0.7576408632721634,256,64,0.7174004352972622,0.5,0.7576680640694385,0.7381296176924426,50,1,0.7158877789260152,0.8216294914693947,4,3407,512,vocal-sweep-37,9kujm9gg,finished,1704879045.1192343
simplekt,models/simplekt_tiaocan_assist2009/assist2009_simplekt_qid_models/simplekt_tiaocan_assist2009_42_0_0.5_256_256_2_4_0.5_0.5_0.5_50_256_64_8_4_0.001_1_1_1.0_3be4c689-e17d-4aa6-bfcb-a7284d07d2f5,0.001,0.7534977433913604,0.7596639521449003,0.71776318301577,0.7602008119422013,qid,2,1,0.7175335859455736,0.7587026853921829,491.9695580005646,0.5,0.7167106824357944,0,{'runtime': 479},4,256,0.7104478579298723,0.7186223223490779,0,0.5,assist2009,0.7376688130016079,0.7572825267338144,0.5,1,8,0.8128545492095345,0.7592503568186866,0.7602547480439741,64,0.7192750794197573,0.7568833829025212,0.7114669855531496,1704878807.765426,0.7204933368971705,0.7584647195657793,256,256,0.7181832066898316,0.5,0.7582416628586361,0.7381528649134007,50,1,0.7171317028361465,0.821990239575166,4,42,512,comfy-sweep-36,lqbmakrc,finished,1704878807.765426
simplekt,models/simplekt_tiaocan_assist2009/assist2009_simplekt_qid_models/simplekt_tiaocan_assist2009_42_0_0.5_64_64_2_4_0.5_0.5_0.5_50_256_64_8_4_0.001_1_1_1.0_a3714994-b2b7-49a1-ae4b-99f1d0fa484a,0.001,0.7547066408768537,0.7598136939030931,0.7165985719195082,0.760079928614932,qid,2,1,0.7168446434722701,0.7581735352557246,547.0045199394226,0.5,0.7158877789260152,0,{'runtime': 504},4,64,0.7093136301769395,0.7174195272824468,0,0.5,assist2009,0.7384136151043714,0.7557798728220186,0.5,1,8,0.8165304641221149,0.7596285526002522,0.7598813692032608,64,0.718413901328128,0.7560557886463434,0.7093177337513332,1704878311.816607,0.7191759899194318,0.7575600930472991,256,64,0.7164458360380312,0.5,0.7582758817828663,0.7377818663499486,50,1,0.7159834653806407,0.8214936058537102,4,42,512,curious-sweep-35,is5pn79g,finished,1704878311.816607
