_runtime,num_layers,oriaccconcepts,loss3,start,oriacclate_vote,windowacclate_mean,oriauclate_all,windowaucearly_preds,testacc,train_ratio,learning_rate,oriacclate_mean,oriaccearly_preds,loss2,use_wandb,final_fc_dim2,windowacclate_vote,windowauclate_vote,nheads,window_testauc,windowaccearly_preds,_wandb,num_attn_heads,loss1,testauc,final_fc_dim,oriauclate_mean,oriaucearly_preds,dropout,windowauclate_all,_step,d_model,emb_type,n_blocks,_timestamp,dataset_name,d_ff,add_uuid,save_dir,model_name,oriaucconcepts,oriauclate_vote,window_testacc,oriacclate_all,windowacclate_all,windowaucconcepts,fold,seed,windowaccconcepts,windowauclate_mean,bz,name,path_id,state,create_time
12652.255488872528,2,0.82211006156007,0.5,50,0.8243473367245513,0.8228979882587015,0.8065902687221077,0.8037071539125628,0.8487474279124325,1,0.001,0.8223475048237151,0.8237736069695375,0.5,1,256,0.8249249224661276,0.8068957117643293,4,0.8604794574840604,0.8242853646798527,{'runtime': 12652},8,0.5,0.8589664373712494,256,0.8071514794421777,0.8020630852863836,0.5,0.8086662608002037,0,256,qid,1,1704983002.8267128,peiyou,64,1,models/simplekt_tiaocan_peiyou/peiyou_simplekt_qid_models/simplekt_tiaocan_peiyou_42_0_0.5_256_256_2_4_0.5_0.5_0.5_50_256_64_8_1_0.001_1_1_1.0_0fa12036-79b9-4fc4-b2f5-ca31ee15d7f6,simplekt,0.7836546265153094,0.8051095277256903,0.8493164376058475,0.8222205168683857,0.8228515907521582,0.7852287066694338,0,42,0.8226955323203644,0.8091952636198739,512,bumbling-sweep-48,pgl28tl8,finished,1704983002.8267128
12712.664526462557,2,0.82211006156007,0.5,50,0.8243473367245513,0.8228979882587015,0.8065902687221077,0.8037071539125628,0.8487474279124325,1,0.001,0.8223475048237151,0.8237736069695375,0.5,1,256,0.8249249224661276,0.8068957117643293,4,0.8604794574840604,0.8242853646798527,{'runtime': 12763},8,0.5,0.8589664373712494,256,0.8071514794421777,0.8020630852863836,0.5,0.8086662608002037,0,256,qid,1,1704983063.2006705,peiyou,64,1,models/simplekt_tiaocan_peiyou/peiyou_simplekt_qid_models/simplekt_tiaocan_peiyou_42_0_0.5_256_256_2_4_0.5_0.5_0.5_50_256_64_8_1_0.001_1_1_1.0_3af1029d-9cdd-4588-a729-15cdbb4d0722,simplekt,0.7836546265153094,0.8051095277256903,0.8493164376058475,0.8222205168683857,0.8228515907521582,0.7852287066694338,0,42,0.8226955323203644,0.8091952636198739,512,resilient-sweep-47,ugf40fji,finished,1704983063.2006705
12621.177691221235,2,0.823120772885731,0.5,50,0.8256519324095188,0.824155269710525,0.801793923507979,0.8017467361368076,0.849850907783996,1,0.001,0.8234355814769339,0.8249329430509268,0.5,1,256,0.8264396645915154,0.8025966877725793,4,0.8604057765861333,0.8255763070677958,{'runtime': 12616},8,0.5,0.8586957595842659,64,0.8019403666597114,0.7993756997741518,0.5,0.8042726340487701,0,256,qid,1,1704982967.3844872,peiyou,64,1,models/simplekt_tiaocan_peiyou/peiyou_simplekt_qid_models/simplekt_tiaocan_peiyou_42_0_0.5_64_256_2_4_0.5_0.5_0.5_50_256_64_8_1_0.001_1_1_1.0_1601eddc-36ba-4558-85dd-ee1993ac6daa,simplekt,0.7826913226698791,0.8002889877825305,0.850555128842776,0.823196222884874,0.8239551236038671,0.7847042563793561,0,42,0.8238731225268441,0.804390473531026,512,restful-sweep-46,1qp3dv5s,finished,1704982967.3844872
12683.451686143875,2,0.823120772885731,0.5,50,0.8256519324095188,0.824155269710525,0.801793923507979,0.8017467361368076,0.849850907783996,1,0.001,0.8234355814769339,0.8249329430509268,0.5,1,256,0.8264396645915154,0.8025966877725793,4,0.8604057765861333,0.8255763070677958,{'runtime': 12683},8,0.5,0.8586957595842659,64,0.8019403666597114,0.7993756997741518,0.5,0.8042726340487701,0,256,qid,1,1704983029.676345,peiyou,64,1,models/simplekt_tiaocan_peiyou/peiyou_simplekt_qid_models/simplekt_tiaocan_peiyou_42_0_0.5_64_256_2_4_0.5_0.5_0.5_50_256_64_8_1_0.001_1_1_1.0_48bf10fc-b928-4123-9aee-2910ab3283d7,simplekt,0.7826913226698791,0.8002889877825305,0.850555128842776,0.823196222884874,0.8239551236038671,0.7847042563793561,0,42,0.8238731225268441,0.804390473531026,512,upbeat-sweep-45,i6lgld3y,finished,1704983029.676345
6965.209230661392,2,0.8203599018075758,0.5,50,0.8239343974741273,0.8208464906654586,0.8038406418658497,0.800872437078565,0.8482885003495274,1,0.001,0.8206683403496463,0.8227604440741391,0.5,1,64,0.8245228107427512,0.8019675434237112,4,0.8582680489443628,0.8232628000258371,{'runtime': 6963},8,0.5,0.8574579823463705,256,0.8047510709601073,0.7990870378160743,0.5,0.8051528848578908,0,64,qid,2,1704977315.7447016,peiyou,256,1,models/simplekt_tiaocan_peiyou/peiyou_simplekt_qid_models/simplekt_tiaocan_peiyou_42_0_0.5_256_64_2_4_0.5_0.5_0.5_50_64_256_8_2_0.001_1_1_1.0_4e4a6f66-0167-4820-af94-e193a6da2cbc,simplekt,0.7768306916707688,0.8007641115310193,0.8486286255721274,0.8206793033385956,0.8208137394843691,0.7779117095329542,0,42,0.8205355673961796,0.8061693622536054,512,lively-sweep-41,skkxa0t2,finished,1704977315.7447016
7040.154168367386,2,0.820321149964886,0.5,50,0.8238695331228439,0.820727312756494,0.804211561332495,0.7999876294747293,0.8483027184151596,1,0.001,0.8205660191194527,0.8226352832836344,0.5,1,64,0.8244090913639684,0.8017254134208368,4,0.8586514630926592,0.82296167111082,{'runtime': 7058},8,0.5,0.8577995458769971,256,0.8051121278457558,0.7983356692554083,0.5,0.8053662438011575,0,64,qid,4,1704977390.7341814,peiyou,256,1,models/simplekt_tiaocan_peiyou/peiyou_simplekt_qid_models/simplekt_tiaocan_peiyou_42_0_0.5_256_64_2_4_0.5_0.5_0.5_50_64_256_8_4_0.001_1_1_1.0_f12588c2-edca-4d82-84ec-939f4ab45456,simplekt,0.7764509387710495,0.8005358597477215,0.8486451519482237,0.8206107846576624,0.8206463445588007,0.7778210640742627,0,42,0.8203765612319357,0.8064423580543562,512,deep-sweep-43,3dnlq12v,finished,1704977390.7341814
7003.884959220886,2,0.8211776447737209,0.5,50,0.8244158554054845,0.8220118868592254,0.8043728004976545,0.8017606489485575,0.8487213614587735,1,0.001,0.8216193796409986,0.8234776062679062,0.5,1,256,0.824677469097896,0.801497428820369,4,0.8584574892955364,0.8238432237351448,{'runtime': 7004},8,0.5,0.8577250955241423,256,0.8049665715023747,0.800404731977767,0.5,0.806385338178898,0,64,qid,4,1704977354.4827492,peiyou,256,1,models/simplekt_tiaocan_peiyou/peiyou_simplekt_qid_models/simplekt_tiaocan_peiyou_3407_0_0.5_256_256_2_4_0.5_0.5_0.5_50_64_256_8_4_0.001_1_1_1.0_c4b5dd84-b430-40c8-bce7-dc550c541be5,simplekt,0.7778067949463621,0.8008920065261886,0.8485782594735484,0.8215691326083143,0.822221130516186,0.7780611866875419,0,3407,0.8217973836401549,0.8067552583457286,512,eager-sweep-42,868cdnvq,finished,1704977354.4827492
12662.284564971924,2,0.8221274603465838,0.5,50,0.8248890910951295,0.8222411451268516,0.8004446745868578,0.7973935799687276,0.8493832914032046,1,0.001,0.8221985908904871,0.8240769163304683,0.5,1,256,0.8253515975753208,0.798305682023736,4,0.8595829453718591,0.824272628109429,{'runtime': 12660},8,0.5,0.8586031437359292,64,0.8002761542169429,0.7971889679938425,0.5,0.8014395782520005,0,256,qid,2,1704983011.010014,peiyou,64,1,models/simplekt_tiaocan_peiyou/peiyou_simplekt_qid_models/simplekt_tiaocan_peiyou_42_0_0.5_64_256_2_4_0.5_0.5_0.5_50_256_64_8_2_0.001_1_1_1.0_9c6bc59f-9709-45f8-bc02-2cbb94f0568e,simplekt,0.7769811338426021,0.7968129548859918,0.8498389858786051,0.8222534058352335,0.8220964940770399,0.7777113791068634,0,42,0.8219721329889774,0.8014752375852906,512,expert-sweep-44,scpq9313,finished,1704983011.010014
12400.535776138306,2,0.8221353688859082,0.5,50,0.8250042024790972,0.8229980613120305,0.8065404114253695,0.8029502236108478,0.8493082516123681,1,0.001,0.8228645924691574,0.8234428901362334,0.5,1,256,0.8252287806462354,0.8046324538321313,4,0.8590196265301178,0.8235138924141896,{'runtime': 12398},8,0.5,0.8587532564996069,256,0.8074192034125546,0.8019020234911032,0.05,0.8074987095036565,0,256,qid,1,1704968534.290368,peiyou,256,1,models/simplekt_tiaocan_peiyou/peiyou_simplekt_qid_models/simplekt_tiaocan_peiyou_42_0_0.05_256_256_2_4_0.5_0.5_0.5_50_256_256_8_1_0.001_1_1_1.0_bcf01db8-a2ca-4460-b424-e4d4912b939a,simplekt,0.781372596796835,0.8032336307903032,0.8491165471521119,0.822396838273987,0.8222984596937583,0.7829189751447339,0,42,0.822056359026473,0.8084671302729105,512,polished-sweep-48,cwv8t5rg,finished,1704968534.290368
9602.859066963196,2,0.8221353688859082,0.5,50,0.8250042024790972,0.8229980613120305,0.8065404114253695,0.8029502186923736,0.8493082516123681,1,0.001,0.8228645924691574,0.8234428901362334,0.5,1,256,0.8252287806462354,0.8046324538321313,4,0.8590196265301178,0.8235138924141896,{'runtime': 9600},8,0.5,0.8587532564996069,256,0.8074192034125546,0.8019020234551903,0.05,0.8074987095036565,0,256,qid,1,1704965135.2439198,peiyou,256,1,models/simplekt_tiaocan_peiyou/peiyou_simplekt_qid_models/simplekt_tiaocan_peiyou_42_0_0.05_256_256_2_4_0.5_0.5_0.5_50_256_256_8_1_0.001_1_1_1.0_e0772c6a-95b1-47bf-8ece-f9784d97876f,simplekt,0.781372596796835,0.8032336307903032,0.8491165471521119,0.822396838273987,0.8222984596937583,0.7829189751447339,0,42,0.822056359026473,0.8084671302729105,512,woven-sweep-47,6lifdczk,finished,1704965135.2439198
12368.719105243685,2,0.82211006156007,0.5,50,0.8243473367245513,0.8228979882587015,0.8065902687221077,0.8037071539125628,0.8487474279124325,1,0.001,0.8223475048237151,0.8237736069695375,0.5,1,256,0.8249249224661276,0.8068957117643293,4,0.8604794574840604,0.8242853646798527,{'runtime': 12362},8,0.5,0.8589664373712494,256,0.8071514794421777,0.8020630852863836,0.5,0.8086662608002037,0,256,qid,1,1704967821.6380253,peiyou,64,1,models/simplekt_tiaocan_peiyou/peiyou_simplekt_qid_models/simplekt_tiaocan_peiyou_42_0_0.5_256_256_2_4_0.5_0.5_0.5_50_256_64_8_1_0.001_1_1_1.0_5e6501a3-0f81-437c-8bf4-dcc96d6842d0,simplekt,0.7836546265153094,0.8051095277256903,0.8493164376058475,0.8222205168683857,0.8228515907521582,0.7852287066694338,0,42,0.8226955323203644,0.8091952636198739,512,eager-sweep-46,fie9k5we,finished,1704967821.6380253
12591.46409702301,2,0.82211006156007,0.5,50,0.8243473367245513,0.8228979882587015,0.8065902687221077,0.8037071539125628,0.8487474279124325,1,0.001,0.8223475048237151,0.8237736069695375,0.5,1,256,0.8249249224661276,0.8068957117643293,4,0.8604794574840604,0.8242853646798527,{'runtime': 12586},8,0.5,0.8589664373712494,256,0.8071514794421777,0.8020630852863836,0.5,0.8086662608002037,0,256,qid,1,1704967904.42966,peiyou,64,1,models/simplekt_tiaocan_peiyou/peiyou_simplekt_qid_models/simplekt_tiaocan_peiyou_42_0_0.5_256_256_2_4_0.5_0.5_0.5_50_256_64_8_1_0.001_1_1_1.0_457539cc-7232-448c-b1f5-ab745be83419,simplekt,0.7836546265153094,0.8051095277256903,0.8493164376058475,0.8222205168683857,0.8228515907521582,0.7852287066694338,0,42,0.8226955323203644,0.8091952636198739,512,fluent-sweep-45,1t7t4h76,finished,1704967904.42966
12361.248248577118,2,0.82211006156007,0.5,50,0.8243473367245513,0.8228979882587015,0.8065902687221077,0.8037071539125628,0.8487474279124325,1,0.001,0.8223475048237151,0.8237736069695375,0.5,1,256,0.8249249224661276,0.8068957117643293,4,0.8604794574840604,0.8242853646798527,{'runtime': 12358},8,0.5,0.8589664373712494,256,0.8071514794421777,0.8020630852863836,0.5,0.8086662608002037,0,256,qid,1,1704967588.3295343,peiyou,64,1,models/simplekt_tiaocan_peiyou/peiyou_simplekt_qid_models/simplekt_tiaocan_peiyou_42_0_0.5_256_256_2_4_0.5_0.5_0.5_50_256_64_8_1_0.001_1_1_1.0_f5df9826-fce2-4737-90a5-b3034ea09e36,simplekt,0.7836546265153094,0.8051095277256903,0.8493164376058475,0.8222205168683857,0.8228515907521582,0.7852287066694338,0,42,0.8226955323203644,0.8091952636198739,512,honest-sweep-44,zgctgrdf,finished,1704967588.3295343
5523.537183761597,2,0.8205584061446187,0.5,50,0.8241006694731918,0.8212140316976848,0.8037655056969966,0.8027872160689264,0.8485546941338631,1,0.001,0.8208464889200725,0.8230345187978717,0.5,1,256,0.8247766323961947,0.8016037193457697,4,0.8587646742901304,0.8236858361149093,{'runtime': 5521},8,0.5,0.8579259514617988,256,0.8045825309408574,0.8011344758346893,0.5,0.8051127540309382,0,64,qid,2,1704958129.1727638,peiyou,256,1,models/simplekt_tiaocan_peiyou/peiyou_simplekt_qid_models/simplekt_tiaocan_peiyou_42_0_0.5_256_256_2_4_0.5_0.5_0.5_50_64_256_8_2_0.001_1_1_1.0_19a4c3dd-b582-4a2e-8c7e-dcb64f82f7c9,simplekt,0.7766689199055405,0.8003105298025904,0.8489591530940523,0.8208519704145472,0.8211476195804756,0.777911642743518,0,42,0.8208693229092461,0.8060279469030517,512,robust-sweep-38,6xka5ez6,finished,1704958129.1727638
5485.297667264938,2,0.8206825702120121,0.5,50,0.8241764968134245,0.8211194171745374,0.8037138717925469,0.8013895213687966,0.848573651554706,1,0.001,0.8210511313804596,0.8230801979184938,0.5,1,256,0.8246838373831078,0.8025927429907751,4,0.8583530729310667,0.8233883462200133,{'runtime': 5480},8,0.5,0.857676121936368,256,0.8045062894866467,0.8003444571217497,0.5,0.8045771761169218,0,64,qid,2,1704957866.3518174,peiyou,64,1,models/simplekt_tiaocan_peiyou/peiyou_simplekt_qid_models/simplekt_tiaocan_peiyou_42_0_0.5_256_256_2_4_0.5_0.5_0.5_50_64_64_8_2_0.001_1_1_1.0_d28fdb01-b1bb-4734-82fb-d773fad08320,simplekt,0.776972390716709,0.8013743171241468,0.8488536990751525,0.8210081930070747,0.8209401954335755,0.7778199345128041,0,42,0.8206811918535317,0.8055747384191118,512,clear-sweep-37,4otfkbg4,finished,1704957866.3518174
9711.851099014282,2,0.8235138272901548,0.5,50,0.8251019557972286,0.8240051601305316,0.8079886517290034,0.8066414227712926,0.8487253109214491,1,0.0001,0.8240394594515582,0.8247648438870374,0.5,1,256,0.8251214295526643,0.806941856803986,4,0.8577995259691725,0.8246974837085618,{'runtime': 9709},8,0.5,0.857291664196471,256,0.8084899734280152,0.8051772654966389,0.1,0.8093498904861081,0,256,qid,1,1704960874.327281,peiyou,256,1,models/simplekt_tiaocan_peiyou/peiyou_simplekt_qid_models/simplekt_tiaocan_peiyou_42_0_0.1_256_256_2_4_0.5_0.5_0.5_50_256_256_8_1_0.0001_1_1_1.0_b66eb466-1e1b-4867-86db-e4e17f9ab1ca,simplekt,0.7885708907713308,0.8055954601270507,0.8484303090589724,0.8236648906624569,0.8233865267099528,0.7902547496636942,0,42,0.8232803916274596,0.8099216090594343,512,olive-sweep-33,5rbje0bx,finished,1704960874.327281
9586.664101839066,2,0.8219590084589736,0.5,50,0.8241353856048647,0.8227642542692529,0.8057859766654889,0.8072566585093425,0.8477608521360669,1,0.0001,0.8223950111091621,0.823995607495761,0.5,1,256,0.8247111300340157,0.8061666787487687,4,0.8577593683484028,0.82441454989415,{'runtime': 9584},8,0.5,0.8565017037031969,256,0.8063104616624828,0.8057731262337943,0.5,0.8074371394236795,0,256,qid,1,1704960306.581292,peiyou,256,1,models/simplekt_tiaocan_peiyou/peiyou_simplekt_qid_models/simplekt_tiaocan_peiyou_42_0_0.5_256_256_2_4_0.5_0.5_0.5_50_256_256_8_1_0.0001_1_1_1.0_0d18552a-9df4-45fe-9858-0f4e9e72e316,simplekt,0.7866678971314506,0.8045437206054601,0.8482249098132048,0.8220990104075309,0.8224940570252648,0.7880944406462899,0,42,0.8223460336227193,0.808002922861563,512,cool-sweep-32,tdmgucv7,finished,1704960306.581292
5733.339933395386,2,0.8215659540545499,0.5,50,0.823346963982927,0.8225595593874437,0.805250315729534,0.8038239138444092,0.8446004921030493,1,0.0001,0.8216486142781968,0.8221565660995147,0.5,1,256,0.8241570892205856,0.8068072652653306,4,0.8528896847369755,0.8230508271037857,{'runtime': 5731},4,0.5,0.8513565885276475,64,0.8059145977856746,0.8021430053705919,0.3,0.8072199204602316,0,64,qid,4,1704955494.7869964,peiyou,256,1,models/simplekt_tiaocan_peiyou/peiyou_simplekt_qid_models/simplekt_tiaocan_peiyou_3407_0_0.3_64_256_2_4_0.5_0.5_0.5_50_64_256_4_4_0.0001_1_1_1.0_585137b1-187c-48e0-939a-60a77e042f3a,simplekt,0.7906302037491896,0.8051370955580804,0.8453619118971021,0.8213471320820909,0.8222829938582438,0.7918700393199511,0,3407,0.8224680433032036,0.8078415284901654,512,golden-sweep-31,53qw1j35,finished,1704955494.7869964
6660.437359333038,2,0.8201163187963836,0.5,50,0.8212639960825586,0.8206099543575901,0.8015547613082623,0.8021275449330503,0.8393879912637886,1,0.0001,0.8206665131848214,0.8208410074255978,0.5,1,64,0.8212540609190163,0.802780020437671,4,0.8359513133463166,0.8207991834038848,{'runtime': 6658},8,0.5,0.839827450015679,64,0.8020789841969787,0.8010813546192262,0.05,0.8022853350983659,0,64,qid,1,1704956106.5339804,peiyou,256,1,models/simplekt_tiaocan_peiyou/peiyou_simplekt_qid_models/simplekt_tiaocan_peiyou_42_0_0.05_64_64_2_4_0.5_0.5_0.5_50_64_256_8_1_0.0001_1_1_1.0_b46c6a3d-9365-4df9-88de-4a9fbb0290c7,simplekt,0.7934691098990587,0.801785450940439,0.8367681963270522,0.8197986098930012,0.8194409191437022,0.7948843023628214,0,42,0.8198357828416606,0.8029209609633439,512,distinctive-sweep-30,6raghml3,finished,1704956106.5339804
6728.688518047333,2,0.8202626267738854,0.5,50,0.8207825381512015,0.8208201077695809,0.8018023070122139,0.803413930134235,0.8361249452012054,1,0.0001,0.8204043150324505,0.8206747354265334,0.5,1,256,0.8211612659059295,0.8029459423168517,4,0.8350761437693328,0.8210611928526006,{'runtime': 6722},4,0.5,0.8344916142862008,256,0.8020488091492151,0.8024640353833102,0.5,0.8027539997644821,0,64,qid,1,1704956174.734894,peiyou,64,1,models/simplekt_tiaocan_peiyou/peiyou_simplekt_qid_models/simplekt_tiaocan_peiyou_3407_0_0.5_256_256_2_4_0.5_0.5_0.5_50_64_64_4_1_0.0001_1_1_1.0_49d2f7b9-ec7a-463d-94c0-f1235d51b2b3,simplekt,0.7976998490591296,0.8019788465425447,0.8363196232615826,0.8199941165292639,0.8203888838852362,0.7985296046266318,0,3407,0.8204678717024916,0.8030062447154126,512,polished-sweep-29,y4tzle53,finished,1704956174.734894
9771.303216934204,2,0.8082289933378465,0.5,50,0.8081933725077471,0.8083582833650383,0.7600526110206323,0.7613268808919121,0.8219756002195902,1,1e-05,0.8081385575630007,0.8081476933871251,0.5,1,64,0.8083601028750989,0.761321905589229,4,0.7906404453800961,0.8083737492005527,{'runtime': 9765},8,0.5,0.7930109099389717,64,0.7602177092792841,0.7600485883964468,0.1,0.7613283578718408,0,256,qid,2,1704959004.1846828,peiyou,256,1,models/simplekt_tiaocan_peiyou/peiyou_simplekt_qid_models/simplekt_tiaocan_peiyou_42_0_0.1_64_64_2_4_0.5_0.5_0.5_50_256_256_8_2_1e-05_1_1_1.0_4b9d1567-4e2c-4f93-9edc-1d5d44894c75,simplekt,0.7574283643466152,0.7601057991951805,0.8203197302895421,0.807246901128457,0.8076004574248292,0.7588281705462635,0,42,0.8085298148365346,0.7614663213974157,512,fluent-sweep-28,5l74st42,finished,1704959004.1846828
5568.86342215538,2,0.8031422208443789,0.5,50,0.8024597292872595,0.8029106702438235,0.720920866363205,0.72345571964681,0.8047172382197402,1,1e-05,0.8025675320119278,0.8024140501666375,0.5,1,64,0.802777846009405,0.7237379767438894,4,0.7291602722524667,0.8028287922910998,{'runtime': 5566},4,0.5,0.7301349012899592,256,0.7209513663201627,0.7206287479896138,0.1,0.7237859708245569,0,64,qid,2,1704953725.804068,peiyou,256,1,models/simplekt_tiaocan_peiyou/peiyou_simplekt_qid_models/simplekt_tiaocan_peiyou_3407_0_0.1_256_64_2_4_0.5_0.5_0.5_50_64_256_4_2_1e-05_1_1_1.0_0277dda3-20de-4cc5-b97a-04300efa5db9,simplekt,0.7198042989914624,0.7208879462571607,0.8043465943073717,0.8022368151786237,0.8027068851170446,0.7226207284190241,0,3407,0.8035297794143693,0.723799230631869,512,youthful-sweep-27,8n83y8gw,finished,1704953725.804068
5502.3411257267,2,0.7991515719012762,0.5,50,0.7982572501900251,0.7990078211639952,0.7064207952681221,0.7094198836480288,0.800085308393793,1,1e-05,0.7983559170905689,0.7985779176167924,0.5,1,256,0.7989159359059386,0.7095366578264027,4,0.7142589742654564,0.7992661915925898,{'runtime': 5500},4,0.5,0.7144004632538161,64,0.7064347905249718,0.7062869363457669,0.05,0.7096131529696631,0,64,qid,1,1704953493.7984755,peiyou,64,1,models/simplekt_tiaocan_peiyou/peiyou_simplekt_qid_models/simplekt_tiaocan_peiyou_3407_0_0.05_64_256_2_4_0.5_0.5_0.5_50_64_64_4_1_1e-05_1_1_1.0_3d709c8f-b4be-44f5-8394-e9bcbb4f9272,simplekt,0.7045722034681905,0.7063328022853881,0.8002763839659525,0.7983339911126703,0.7991952307002294,0.7075895610359114,0,3407,0.7998781477513616,0.7096124887033695,512,dashing-sweep-26,tkc6iaxd,finished,1704953493.7984755
5375.07696723938,2,0.7979937617441809,0.5,50,0.7970896918669239,0.7969272114097837,0.7065455772853202,0.7100647476393266,0.7982796140585073,1,1e-05,0.7971088770975853,0.7974459890077764,0.5,1,256,0.7969117455742692,0.7101654206385558,4,0.7146082774508759,0.7972337988549824,{'runtime': 5369},4,0.5,0.7142594315325379,64,0.7065498610994464,0.7064777397568012,0.3,0.7101797173253955,0,64,qid,1,1704949196.3585782,peiyou,256,1,models/simplekt_tiaocan_peiyou/peiyou_simplekt_qid_models/simplekt_tiaocan_peiyou_3407_0_0.3_64_256_2_4_0.5_0.5_0.5_50_64_256_4_1_1e-05_1_1_1.0_9c83efe3-3557-4e08-9fce-4e4185a148e2,simplekt,0.7046987126299257,0.7065263233200245,0.797931999471156,0.7972267292287902,0.797070042949535,0.7081088173031446,0,3407,0.797829959437685,0.7101810969256392,512,ancient-sweep-25,p0shy8vd,finished,1704949196.3585782
6936.198025941849,2,0.8211167490209228,0.5,50,0.8249959802373853,0.8216343385216662,0.8055244084110941,0.7991550295370202,0.8494259456001011,1,0.001,0.8217107378822429,0.822863678886745,0.5,1,64,0.825276087907809,0.8026076113452961,4,0.8589907211552164,0.8228734248728845,{'runtime': 6935},8,0.5,0.8592403024802017,256,0.8067131085564471,0.7975700983939263,0.05,0.806532857414619,0,64,qid,1,1704949390.039532,peiyou,256,1,models/simplekt_tiaocan_peiyou/peiyou_simplekt_qid_models/simplekt_tiaocan_peiyou_42_0_0.05_256_64_2_4_0.5_0.5_0.5_50_64_256_8_1_0.001_1_1_1.0_0062a962-9f5c-479f-8215-b5b90da35c91,simplekt,0.7761379159627048,0.8011569663686823,0.8490779856078873,0.8214978731801439,0.8211985658621703,0.7774885738013934,0,42,0.8208543668838963,0.8079183690029427,512,winter-sweep-48,f0dzh4eo,finished,1704949390.039532
12975.02344918251,2,0.8230772759194468,0.5,50,0.8251019557972286,0.8240988648986487,0.8081753751146549,0.8021857954194368,0.8493469563465891,1,0.001,0.8235461249488394,0.8242523241536572,0.5,1,64,0.8255553827020998,0.8065427992313613,4,0.8607858692912014,0.8248175713725565,{'runtime': 12977},8,0.5,0.8594282861261245,256,0.8088135277928606,0.8006187912823507,0.05,0.810162150188997,0,256,qid,4,1704955428.8567083,peiyou,256,1,models/simplekt_tiaocan_peiyou/peiyou_simplekt_qid_models/simplekt_tiaocan_peiyou_42_0_0.05_256_64_2_4_0.5_0.5_0.5_50_256_256_8_4_0.001_1_1_1.0_c393d1d8-4002-42fa-91f0-6284840dc361,simplekt,0.7838330141785703,0.8047999327050723,0.8496989051669321,0.823212667368298,0.8238050140238737,0.7851502032860285,0,42,0.823636974758165,0.810770384075538,512,clear-sweep-46,anrv4kzb,finished,1704955428.8567083
6926.46123957634,2,0.8211934618523697,0.5,50,0.8247401771619014,0.8212349560633808,0.8033204733275559,0.7991577757555853,0.8493809217255992,1,0.001,0.8213316011810794,0.8233104206864292,0.5,1,256,0.8251077832272105,0.7995663174647581,4,0.8602357786971242,0.823362873079166,{'runtime': 6930},8,0.5,0.8594243673849892,64,0.8037921397037162,0.7984398940561851,0.3,0.8043366689281397,0,64,qid,2,1704949380.3268476,peiyou,64,1,models/simplekt_tiaocan_peiyou/peiyou_simplekt_qid_models/simplekt_tiaocan_peiyou_42_0_0.3_64_256_2_4_0.5_0.5_0.5_50_64_64_8_2_0.001_1_1_1.0_b0173022-642c-4fa9-93cd-7a44fa80d57a,simplekt,0.7754137777347146,0.7983761877362318,0.8496013208509352,0.8216193796409986,0.8214896874718545,0.7761700674240446,0,42,0.821084217378744,0.8049661049071677,512,vocal-sweep-44,hrt8e98j,finished,1704949380.3268476
12831.062112808228,2,0.8215564638073606,0.5,50,0.8251713880605742,0.8220446380403149,0.8053241578306318,0.802424247545982,0.8498177322975209,1,0.001,0.8218331579255101,0.8241536572531135,0.5,1,256,0.8255945021684011,0.8041817752912879,4,0.8611561713977988,0.8243908962633631,{'runtime': 12835},8,0.5,0.8596041803944336,256,0.8062529764784847,0.8012923954062977,0.5,0.8070968880792402,0,256,qid,2,1704955284.891976,peiyou,64,1,models/simplekt_tiaocan_peiyou/peiyou_simplekt_qid_models/simplekt_tiaocan_peiyou_3407_0_0.5_256_256_2_4_0.5_0.5_0.5_50_256_64_8_2_0.001_1_1_1.0_e10cb7c9-4296-4651-a3d4-16cf83caa350,simplekt,0.7783708558832947,0.8025237073484761,0.8502403407266569,0.8218112319476115,0.8220855770166767,0.7797296727032285,0,3407,0.8217777046594317,0.8080994948175576,512,eager-sweep-45,hwds7evj,finished,1704955284.891976
12748.13765001297,2,0.8230772759194468,0.5,50,0.8251019557972286,0.8240988648986487,0.8081753751146549,0.8021857954194368,0.8493469563465891,1,0.001,0.8235461249488394,0.8242523241536572,0.5,1,64,0.8255553827020998,0.8065427992313613,4,0.8607858692912014,0.8248175713725565,{'runtime': 12746},8,0.5,0.8594282861261245,256,0.8088135277928606,0.8006187912823507,0.05,0.810162150188997,0,256,qid,4,1704955201.967513,peiyou,256,1,models/simplekt_tiaocan_peiyou/peiyou_simplekt_qid_models/simplekt_tiaocan_peiyou_42_0_0.05_256_64_2_4_0.5_0.5_0.5_50_256_256_8_4_0.001_1_1_1.0_bad6af01-dcaa-4ae6-a4d9-6febe74b47eb,simplekt,0.7838330141785703,0.8047999327050723,0.8496989051669321,0.823212667368298,0.8238050140238737,0.7851502032860285,0,42,0.823636974758165,0.810770384075538,512,confused-sweep-47,0lhp9pes,finished,1704955201.967513
10007.305770397186,2,0.821646621155659,0.5,50,0.8251567707419751,0.8221774622747333,0.8056669016283551,0.803957770293794,0.8495262619520614,1,0.001,0.8218313307606853,0.8240275828801965,0.5,1,256,0.8257346044430616,0.8047684296503239,4,0.8612491595888381,0.8245091644172974,{'runtime': 10004},8,0.5,0.8596202876307242,256,0.8065747503647508,0.8025273336127393,0.5,0.8073423271212138,0,256,qid,4,1704952344.9644444,peiyou,64,1,models/simplekt_tiaocan_peiyou/peiyou_simplekt_qid_models/simplekt_tiaocan_peiyou_3407_0_0.5_256_256_2_4_0.5_0.5_0.5_50_256_64_8_4_0.001_1_1_1.0_5eaef680-372f-4cba-b425-049dd229ee9e,simplekt,0.7794443460060351,0.8031201245465919,0.8501451173215309,0.8217664664094019,0.8220873965267372,0.7806929017296121,0,3407,0.8218658664930718,0.80835316346961,512,frosty-sweep-43,6jy42089,finished,1704952344.9644444
10231.880712985992,2,0.821646621155659,0.5,50,0.8251567707419751,0.8221774622747333,0.8056669016283551,0.803957770293794,0.8495262619520614,1,0.001,0.8218313307606853,0.8240275828801965,0.5,1,256,0.8257346044430616,0.8047684296503239,4,0.8612491595888381,0.8245091644172974,{'runtime': 10227},8,0.5,0.8596202876307242,256,0.8065747503647508,0.8025273336127393,0.5,0.8073423271212138,0,256,qid,4,1704952569.475851,peiyou,64,1,models/simplekt_tiaocan_peiyou/peiyou_simplekt_qid_models/simplekt_tiaocan_peiyou_3407_0_0.5_256_256_2_4_0.5_0.5_0.5_50_256_64_8_4_0.001_1_1_1.0_c379f8a6-5dda-4196-9b6d-6e962ac7b1b9,simplekt,0.7794443460060351,0.8031201245465919,0.8501451173215309,0.8217664664094019,0.8220873965267372,0.7806929017296121,0,3407,0.8218658664930718,0.80835316346961,512,magic-sweep-42,qzmm9kvt,finished,1704952569.475851
10545.60852241516,2,0.8217676218073227,0.5,50,0.8248781281061802,0.8222156719860043,0.8061162194074685,0.8031110507928441,0.8493635440898266,1,0.001,0.821898935859206,0.8241116324621411,0.5,1,256,0.8255672095174932,0.8047970525272158,4,0.8615301564189365,0.8245337278031144,{'runtime': 10549},8,0.5,0.8597492289817701,256,0.8068753827157005,0.8018787165939334,0.5,0.8079620634922791,0,256,qid,4,1704952863.1080973,peiyou,64,1,models/simplekt_tiaocan_peiyou/peiyou_simplekt_qid_models/simplekt_tiaocan_peiyou_42_0_0.5_256_256_2_4_0.5_0.5_0.5_50_256_64_8_4_0.001_1_1_1.0_5b1d3f8f-abd8-4e82-abde-4bbbcaef03ad,simplekt,0.7788816844046595,0.802897612675234,0.8500522548272758,0.8219720224522014,0.8221874695800662,0.7802496771761064,0,42,0.8219697715112906,0.8089309824676143,512,easy-sweep-41,tfb60o99,finished,1704952863.1080973
10507.693161010742,2,0.8217676218073227,0.5,50,0.8248781281061802,0.8222156719860043,0.8061162194074685,0.8031110507928441,0.8493635440898266,1,0.001,0.821898935859206,0.8241116324621411,0.5,1,256,0.8255672095174932,0.8047970525272158,4,0.8615301564189365,0.8245337278031144,{'runtime': 10512},8,0.5,0.8597492289817701,256,0.8068753827157005,0.8018787165939334,0.5,0.8079620634922791,0,256,qid,4,1704952825.428091,peiyou,64,1,models/simplekt_tiaocan_peiyou/peiyou_simplekt_qid_models/simplekt_tiaocan_peiyou_42_0_0.5_256_256_2_4_0.5_0.5_0.5_50_256_64_8_4_0.001_1_1_1.0_3d25c7b4-2806-47fc-8279-28c70ce79f4f,simplekt,0.7788816844046595,0.802897612675234,0.8500522548272758,0.8219720224522014,0.8221874695800662,0.7802496771761064,0,42,0.8219697715112906,0.8089309824676143,512,zesty-sweep-40,pqr5tvty,finished,1704952825.428091
5632.527765750885,2,0.82071104095358,0.5,50,0.8250316099514705,0.8215379044884584,0.8050810712816222,0.8016735433126823,0.8494030387165826,1,0.001,0.8215152312459802,0.8218139726948489,0.5,1,256,0.825410731652288,0.8027345353844976,4,0.8594657004436923,0.8221019526072214,{'runtime': 5632},8,0.5,0.8588531722832277,256,0.8064365571659043,0.799501932468923,0.05,0.8063917417653061,0,64,qid,1,1704947950.0265288,peiyou,256,1,models/simplekt_tiaocan_peiyou/peiyou_simplekt_qid_models/simplekt_tiaocan_peiyou_42_0_0.05_256_256_2_4_0.5_0.5_0.5_50_64_256_8_1_0.001_1_1_1.0_3956e9d8-642a-489e-a00a-f40685f19a12,simplekt,0.7764091348619159,0.800822956449003,0.8493872649319743,0.8210273782377361,0.8208637760110336,0.7780619379850954,0,42,0.8205221856892878,0.8080137157168552,512,cosmic-sweep-36,mgm3f70n,finished,1704947950.0265288
5797.831404685974,2,0.8221670030432059,0.5,50,0.8253394872244636,0.8227433299035569,0.8067122942479856,0.7995721626911005,0.8496005118503628,1,0.001,0.8226535549318833,0.8239718543530374,0.5,1,64,0.8257118605673051,0.802254016706705,4,0.8596938135213156,0.8242571622739145,{'runtime': 5800},8,0.5,0.859401476780762,256,0.8076171579348681,0.7987967814811942,0.05,0.8078879979659256,0,64,qid,2,1704948115.5228956,peiyou,64,1,models/simplekt_tiaocan_peiyou/peiyou_simplekt_qid_models/simplekt_tiaocan_peiyou_42_0_0.05_256_64_2_4_0.5_0.5_0.5_50_64_64_8_2_0.001_1_1_1.0_4c1d9a4a-ae8a-4379-803c-21e249de0756,simplekt,0.7775464511130045,0.8016203890407527,0.8496233560190636,0.8225247398117289,0.8226614519508332,0.778284392282468,0,42,0.8223310775973697,0.8088837704879773,512,pretty-sweep-38,opt3pvfv,finished,1704948115.5228956
9884.181380271912,2,0.8227174373801857,0.5,50,0.8253486230485879,0.8236312508130935,0.8065467307464353,0.8048035922329736,0.8497569105723166,1,0.001,0.8228865184470561,0.8246186707010466,0.5,1,256,0.8259947943817169,0.8072660853417208,4,0.8612571023529869,0.825276087907809,{'runtime': 9888},8,0.5,0.8595072166726555,256,0.8072436352288896,0.8026429635981397,0.5,0.8089258455193868,0,256,qid,1,1704952201.8258162,peiyou,64,1,models/simplekt_tiaocan_peiyou/peiyou_simplekt_qid_models/simplekt_tiaocan_peiyou_3407_0_0.5_256_256_2_4_0.5_0.5_0.5_50_256_64_8_1_0.001_1_1_1.0_51b3caaa-2073-4ec6-b8e2-b3df107cd056,simplekt,0.7829812080301619,0.8050520402868927,0.8503552383890404,0.8228088639419985,0.8236730995444856,0.7849457689662033,0,3407,0.8235440899691512,0.8095800706522965,512,devout-sweep-37,5dc9rqec,finished,1704952201.8258162
10514.688022136688,2,0.8217676218073227,0.5,50,0.8248781281061802,0.8222156719860043,0.8061162194074685,0.8031110507928441,0.8493635440898266,1,0.001,0.821898935859206,0.8241116324621411,0.5,1,256,0.8255672095174932,0.8047970525272158,4,0.8615301564189365,0.8245337278031144,{'runtime': 10516},8,0.5,0.8597492289817701,256,0.8068753827157005,0.8018787165939334,0.5,0.8079620634922791,0,256,qid,4,1704952832.279987,peiyou,64,1,models/simplekt_tiaocan_peiyou/peiyou_simplekt_qid_models/simplekt_tiaocan_peiyou_42_0_0.5_256_256_2_4_0.5_0.5_0.5_50_256_64_8_4_0.001_1_1_1.0_9f9114c9-f652-40e2-9f07-b08cd4b17916,simplekt,0.7788816844046595,0.802897612675234,0.8500522548272758,0.8219720224522014,0.8221874695800662,0.7802496771761064,0,42,0.8219697715112906,0.8089309824676143,512,different-sweep-39,2mi1klv1,finished,1704952832.279987
9928.843892097471,2,0.8224034683690061,0.5,50,0.8248689922820558,0.8232000269287489,0.8068854823405296,0.7996505580524412,0.8492798154811038,1,0.001,0.8226626907560077,0.8242176080219844,0.5,1,64,0.8255581119671906,0.8036998439961163,4,0.8606447840307754,0.8248102933323144,{'runtime': 9926},8,0.5,0.8592741345279781,64,0.8075543763187791,0.798134436136368,0.1,0.8089290031417399,0,256,qid,1,1704952246.608158,peiyou,64,1,models/simplekt_tiaocan_peiyou/peiyou_simplekt_qid_models/simplekt_tiaocan_peiyou_42_0_0.1_64_64_2_4_0.5_0.5_0.5_50_256_64_8_1_0.001_1_1_1.0_0218ce53-a4c2-4090-97a3-56cad2c70dd8,simplekt,0.7801248769933498,0.8023732797168938,0.8498625949873141,0.82254757937204,0.8232164025192936,0.7815841979369709,0,42,0.8230584127249012,0.8095506826078698,512,skilled-sweep-35,ym37uy35,finished,1704952246.608158
9992.142390727997,2,0.8224034683690061,0.5,50,0.8248689922820558,0.8232000269287489,0.8068854823405296,0.7996505580524412,0.8492798154811038,1,0.001,0.8226626907560077,0.8242176080219844,0.5,1,64,0.8255581119671906,0.8036998439961163,4,0.8606447840307754,0.8248102933323144,{'runtime': 9998},8,0.5,0.8592741345279781,64,0.8075543763187791,0.798134436136368,0.1,0.8089290031417399,0,256,qid,1,1704952309.8554578,peiyou,64,1,models/simplekt_tiaocan_peiyou/peiyou_simplekt_qid_models/simplekt_tiaocan_peiyou_42_0_0.1_64_64_2_4_0.5_0.5_0.5_50_256_64_8_1_0.001_1_1_1.0_7c7cb0e6-9647-4a12-8099-77da5ad3af58,simplekt,0.7801248769933498,0.8023732797168938,0.8498625949873141,0.82254757937204,0.8232164025192936,0.7815841979369709,0,42,0.8230584127249012,0.8095506826078698,512,treasured-sweep-34,7hdh4fgm,finished,1704952309.8554578
9720.292774677277,2,0.8234489772676946,0.5,50,0.8252335116646202,0.8237249555812106,0.8084639244866599,0.801450679523368,0.8493114111825086,1,0.001,0.8236977796293048,0.8244103739110098,0.5,1,64,0.8254589486688919,0.8067606995981563,4,0.8606461084942092,0.82441454989415,{'runtime': 9712},8,0.5,0.8592965744431564,64,0.8089726496780381,0.8012317027941307,0.05,0.8097898459234115,0,256,qid,2,1704951124.3862216,peiyou,256,1,models/simplekt_tiaocan_peiyou/peiyou_simplekt_qid_models/simplekt_tiaocan_peiyou_42_0_0.05_64_64_2_4_0.5_0.5_0.5_50_256_256_8_2_0.001_1_1_1.0_a8ac8562-1dc8-43a3-bc7a-2f730cd573fe,simplekt,0.7878541586009731,0.8056891041174613,0.8496091905538382,0.8235735324212127,0.823591221591762,0.78813172362902,0,42,0.8233898067602808,0.8103759426602803,512,gallant-sweep-33,vax35lmf,finished,1704951124.3862216
9600.180544376371,2,0.8222706049083558,0.5,50,0.824857115710694,0.8231336148115397,0.8067817350237249,0.8008840170195184,0.8491155178337987,1,0.001,0.8224379494825469,0.824272422966731,0.5,1,64,0.8255089851955564,0.805895657167127,4,0.8607336457956386,0.8248102933323144,{'runtime': 9593},8,0.5,0.8592012186493253,64,0.8074438927661398,0.7992232289554586,0.3,0.808987185621886,0,256,qid,1,1704950681.1735885,peiyou,64,1,models/simplekt_tiaocan_peiyou/peiyou_simplekt_qid_models/simplekt_tiaocan_peiyou_42_0_0.3_64_64_2_4_0.5_0.5_0.5_50_256_64_8_1_0.001_1_1_1.0_0fa49c6a-a264-4c29-81cb-3a8cbda79dc7,simplekt,0.7812368055290783,0.8041954397738992,0.8496532608900949,0.8223703443840262,0.8231217879961463,0.7827724806101902,0,42,0.8230426695403227,0.8095728559298291,512,smooth-sweep-32,b9sa10c6,finished,1704950681.1735885
5551.278820991516,2,0.8203599018075758,0.5,50,0.8239343974741273,0.8208464906654586,0.803840642322453,0.8008724349208485,0.8482869205644572,1,0.001,0.8206683403496463,0.8227604440741391,0.5,1,64,0.8245228107427512,0.8019675441692427,4,0.8582680494638472,0.8232628000258371,{'runtime': 5532},8,0.5,0.8574579977761967,256,0.8047510685590921,0.7990870381238966,0.5,0.8051528855652557,0,64,qid,2,1704903726.81395,peiyou,256,1,models/simplekt_tiaocan_peiyou/peiyou_simplekt_qid_models/simplekt_tiaocan_peiyou_42_0_0.5_256_64_2_4_0.5_0.5_0.5_50_64_256_8_2_0.001_1_1_1.0_813ca56c-41ff-45e7-84b4-027847067dfe,simplekt,0.7768306922241959,0.8007641119568404,0.8486286255721274,0.8206793033385956,0.8208137394843691,0.7779117101406348,0,42,0.8205355673961796,0.8061693595004812,512,fallen-sweep-16,h3ujllvz,finished,1704903726.81395
5733.72345328331,2,0.8212899460321277,0.5,50,0.8243162749225282,0.8213550437273756,0.798556612701964,0.7970230801013016,0.848377758205996,1,0.001,0.8212438972694849,0.8230710620943694,0.5,1,256,0.8247657153358315,0.7942246447990471,4,0.8580186450106615,0.8232100342340818,{'runtime': 5720},4,0.5,0.8572614071553893,64,0.798073580080724,0.7964605602275746,0.5,0.7996908791324953,0,64,qid,4,1704903082.8399842,peiyou,256,1,models/simplekt_tiaocan_peiyou/peiyou_simplekt_qid_models/simplekt_tiaocan_peiyou_42_0_0.5_64_256_2_4_0.5_0.5_0.5_50_64_256_4_4_0.001_1_1_1.0_b71bffaf-2572-4abd-871f-99c703563187,simplekt,0.7753883991132993,0.7936022123255537,0.8487899544816384,0.8214613298836462,0.8216834652933005,0.7757829291080336,0,42,0.8214250573248708,0.7991282402052736,512,dry-sweep-15,pnlinv36,finished,1704903082.8399842
5742.693256378174,2,0.8206533086165118,0.5,50,0.8240650397591066,0.8213832461333137,0.8039804674909222,0.8009865852191187,0.848279021639106,1,0.001,0.8211150821493305,0.822894740688768,0.5,1,256,0.8243299426763355,0.8015178078253875,4,0.8581202947067639,0.8231163294659647,{'runtime': 5706},8,0.5,0.8572758657240669,256,0.8047396479012586,0.8002099858506982,0.5,0.8054686687695947,0,64,qid,4,1704901439.3102863,peiyou,64,1,models/simplekt_tiaocan_peiyou/peiyou_simplekt_qid_models/simplekt_tiaocan_peiyou_3407_0_0.5_256_256_2_4_0.5_0.5_0.5_50_64_64_8_4_0.001_1_1_1.0_410b2cbc-1d6b-4007-9ea0-b3c6b6849ae4,simplekt,0.7778364461675487,0.8010221537327598,0.8483697123466195,0.821029205402561,0.8214323729049479,0.7776667556916363,0,3407,0.8210606026018761,0.806131216469967,512,olive-sweep-13,0ki1c2xv,finished,1704901439.3102863
5537.686504125595,2,0.8211665728186667,0.5,50,0.8241582251651757,0.8216707287228768,0.7985177926650282,0.7977324767404002,0.8483003487375542,1,0.001,0.8213261196866047,0.8231523709290768,0.5,1,256,0.8247666250908617,0.7953237339735639,4,0.857861933303276,0.8236267020379422,{'runtime': 5506},8,0.5,0.8570178597564955,64,0.7981350224176311,0.796517690497382,0.5,0.7999167359012241,0,64,qid,2,1704901104.0670772,peiyou,256,1,models/simplekt_tiaocan_peiyou/peiyou_simplekt_qid_models/simplekt_tiaocan_peiyou_42_0_0.5_64_256_2_4_0.5_0.5_0.5_50_64_256_8_2_0.001_1_1_1.0_70a8eef3-c138-4951-9801-8c990d52af4b,simplekt,0.7759688650848328,0.7939856089352662,0.8486931571359319,0.8214512804771092,0.8217944554069926,0.777117783923092,0,42,0.8215077090439086,0.7995497744626013,512,morning-sweep-12,o0uoxlus,finished,1704901104.0670772
5457.822436571121,2,0.8202847706839937,0.5,50,0.8238430392328832,0.8206536225990427,0.8035839408338346,0.8006843073768595,0.84810840485152,1,0.001,0.820640932877273,0.8228865184470561,0.5,1,64,0.8241934794217961,0.8022464677798865,4,0.8573227941507362,0.8230590148990581,{'runtime': 5451},8,0.5,0.8569446648194018,256,0.8044937937280152,0.7994230582911157,0.5,0.8046659572833665,0,64,qid,2,1704899606.4554005,peiyou,64,1,models/simplekt_tiaocan_peiyou/peiyou_simplekt_qid_models/simplekt_tiaocan_peiyou_42_0_0.5_256_64_2_4_0.5_0.5_0.5_50_64_64_8_2_0.001_1_1_1.0_c9ec39a9-b45b-4f45-8161-eafde23785b7,simplekt,0.7775979688514203,0.8012547148307109,0.8481202427645952,0.8205788092732269,0.8205844812167428,0.7787444387274882,0,42,0.8203151628120792,0.8056945243093411,512,distinctive-sweep-11,udv8vn9f,finished,1704899606.4554005
5697.2126359939575,2,0.8198513827290155,0.5,50,0.8233104206864292,0.82147422163634,0.8033334171654172,0.8062649444945009,0.8462284606179329,1,0.0001,0.8210118473367245,0.8215928857510378,0.5,1,256,0.8237731725978146,0.8048498820177574,4,0.8540564281424539,0.8220964940770399,{'runtime': 5688},8,0.5,0.8530654491800991,256,0.804559505442174,0.8042104149784882,0.1,0.8055223962341115,0,64,qid,4,1704898744.529954,peiyou,64,1,models/simplekt_tiaocan_peiyou/peiyou_simplekt_qid_models/simplekt_tiaocan_peiyou_3407_0_0.1_256_256_2_4_0.5_0.5_0.5_50_64_64_8_4_0.0001_1_1_1.0_48bd212c-b171-48ed-bb02-99b1db1c21ff,simplekt,0.7848532024759599,0.8029256068956292,0.8462858150179114,0.8198525112553353,0.8203888838852362,0.7866018899050632,0,3407,0.8203576694104413,0.8067342552746108,512,fluent-sweep-9,53fd4y6b,finished,1704898744.529954
5585.796933412552,2,0.7991515719012762,0.5,50,0.7982572501900251,0.7990078211639952,0.7064207952681221,0.7094198836480288,0.800085308393793,1,1e-05,0.7983559170905689,0.7985779176167924,0.5,1,256,0.7989159359059386,0.7095366578264027,4,0.7142589742654564,0.7992661915925898,{'runtime': 5575},4,0.5,0.7144004632538161,64,0.7064347905249718,0.7062869363457669,0.05,0.7096131529696631,0,64,qid,1,1704881878.9092894,peiyou,64,1,models/simplekt_tiaocan_peiyou/peiyou_simplekt_qid_models/simplekt_tiaocan_peiyou_3407_0_0.05_64_256_2_4_0.5_0.5_0.5_50_64_64_4_1_1e-05_1_1_1.0_4a764dce-998e-42ad-b05c-42cac10db2c3,simplekt,0.7045722034681905,0.7063328022853881,0.8002763839659525,0.7983339911126703,0.7991952307002294,0.7075895610359114,0,3407,0.7998781477513616,0.7096124887033695,512,dauntless-sweep-2,vchnns75,finished,1704881878.9092894
