start,windowaccearly_preds,d_model,final_fc_dim2,learning_rate,oriauclate_mean,oriaccearly_preds,oriauclate_vote,windowacclate_mean,windowauclate_all,windowauclate_mean,loss2,save_dir,windowacclate_vote,d_ff,loss3,use_wandb,oriaucearly_preds,final_fc_dim,oriacclate_mean,loss1,nheads,dropout,num_layers,windowauclate_vote,fold,_wandb,testauc,n_blocks,windowaucconcepts,_step,dataset_name,_timestamp,windowaucearly_preds,emb_type,oriaucconcepts,window_testacc,seed,_runtime,oriacclate_all,window_testauc,add_uuid,oriacclate_vote,testacc,windowaccconcepts,windowacclate_all,model_name,train_ratio,num_attn_heads,oriaccconcepts,oriauclate_all,bz,name,path_id,state,create_time
50,0.8461132154347194,256,256,0.001,0.8022611540019381,0.8440417742713625,0.8022271291350435,0.8461612335573238,0.8053974892003342,0.8053945473481456,0.5,models/simplekt_tiaocan_bridge2algebra2006/bridge2algebra2006_simplekt_qid_models/simplekt_tiaocan_bridge2algebra2006_3407_0_0.5_256_256_2_4_0.5_0.5_0.5_50_256_64_4_4_0.001_1_1_1.0_3231cd6b-cea3-4da8-9358-9748110ecd8f,0.8461697073436657,64,0.5,1,0.8022599308344596,256,0.8440729914578426,0.5,4,0.5,2,0.8053541076239792,0,{'runtime': 3185},0.802304917716674,4,0.8051882411570249,0,bridge2algebra2006,1704951484.969491,0.8053904896566352,qid,0.8020753522901536,0.8461828580435248,3407,3187.3252251148224,0.8439935295286205,0.8053746869700428,1,0.844061639753668,0.8440917227279283,0.8461153079720343,0.8461047416483775,simplekt,1,4,0.8439685425922103,0.8022622017965684,512,gentle-sweep-48,19ia0413,finished,1704951484.969491
50,0.853878028319394,64,256,0.0001,0.8030519952682359,0.8530805687203792,0.8030120343196273,0.8538497823649208,0.8040069843456011,0.8040060062879211,0.5,models/simplekt_tiaocan_bridge2algebra2006/bridge2algebra2006_simplekt_qid_models/simplekt_tiaocan_bridge2algebra2006_42_0_0.1_256_256_2_4_0.5_0.5_0.5_50_64_64_4_4_0.0001_1_1_1.0_2c23f074-bc35-4fe0-8981-aeec5454400f,0.8538328347922369,64,0.5,1,0.8029897622063918,256,0.8530947583505973,0.5,4,0.1,2,0.8039736572848952,0,{'runtime': 1822},0.8029917382102116,4,0.8038547632163119,0,bridge2algebra2006,1704950053.85834,0.80395329442821,qid,0.8029124713028186,0.8538216452945746,42,1825.4298129081728,0.8530748928682919,0.8038865198133208,1,0.8530607032380736,0.8530558689707634,0.8538160161219503,0.853869554533052,simplekt,1,4,0.8530206068078536,0.803052233759806,512,iconic-sweep-47,inv9btrn,finished,1704950053.85834
50,0.8429242471746984,256,256,0.001,0.8022856262662461,0.8415642648352584,0.8022634068960519,0.8429553177246188,0.8048516857881208,0.8048494499450156,0.5,models/simplekt_tiaocan_bridge2algebra2006/bridge2algebra2006_simplekt_qid_models/simplekt_tiaocan_bridge2algebra2006_3407_0_0.5_64_256_2_4_0.5_0.5_0.5_50_256_256_4_4_0.001_1_1_1.0_91c16691-32c8-4cbc-98e3-3b87b11c96a4,0.8429411947473823,256,0.5,1,0.8022892094835706,64,0.8416579163946988,0.5,4,0.5,2,0.8048165275754267,0,{'runtime': 3014},0.8023108780133572,4,0.8046933438921441,0,bridge2algebra2006,1704951199.116458,0.8048550877689701,qid,0.8021365903488181,0.8429714150614143,3407,3022.518014907837,0.8415188580185601,0.804838556311038,1,0.8416181854300877,0.8416202199467807,0.8428757191268027,0.8428705798611994,simplekt,1,4,0.8415195930105961,0.8022774749171669,512,ancient-sweep-46,99bqnooh,finished,1704951199.116458
50,0.8436614665864481,256,64,0.001,0.8023583248116486,0.8430967448988279,0.8023375569931592,0.8437010109227105,0.8045723957246843,0.8045753355389448,0.5,models/simplekt_tiaocan_bridge2algebra2006/bridge2algebra2006_simplekt_qid_models/simplekt_tiaocan_bridge2algebra2006_3407_0_0.5_64_64_2_4_0.5_0.5_0.5_50_256_64_4_4_0.001_1_1_1.0_457b583d-d345-44b5-adcc-e84d82b73225,0.843678414159132,64,0.5,1,0.8023706943816099,64,0.8431222862332207,0.5,4,0.5,2,0.8045498411209256,0,{'runtime': 3006},0.8024426855209984,4,0.8044701251009119,0,bridge2algebra2006,1704951136.256771,0.8045851594143275,qid,0.8022568589456907,0.843722909606746,3407,3009.9695732593536,0.8430286346737804,0.8046112144647519,1,0.8431024207509152,0.8431415797823154,0.8436328428447587,0.8436360452274223,simplekt,1,4,0.8430098891185761,0.8023550351247035,512,solar-sweep-45,l00edove,finished,1704951136.256771
50,0.8451020102645799,256,256,0.001,0.8021848017561418,0.8442319153162868,0.8021561998220158,0.8451472037917369,0.804759379058235,0.8047591544431465,0.5,models/simplekt_tiaocan_bridge2algebra2006/bridge2algebra2006_simplekt_qid_models/simplekt_tiaocan_bridge2algebra2006_3407_0_0.5_64_256_2_4_0.5_0.5_0.5_50_256_64_4_4_0.001_1_1_1.0_b0538957-801e-4e96-a412-ba28bc53bfc3,0.8451443791962896,64,0.5,1,0.8021930961882369,64,0.8442915117632035,0.5,4,0.5,2,0.8047301215326492,0,{'runtime': 2997},0.8022177685634053,4,0.8046396123453925,0,bridge2algebra2006,1704950800.13768,0.8047663947872157,qid,0.8020629446905249,0.8451949382479763,3407,2998.7916510105133,0.8442177256860687,0.804752590649813,1,0.844263132502767,0.8443066360132454,0.845104871485989,0.8450991856691326,simplekt,1,4,0.84421174081856,0.8021834432575923,512,skilled-sweep-44,r7yzsm85,finished,1704950800.13768
50,0.8451020102645799,256,256,0.001,0.8021848017561418,0.8442319153162868,0.8021561998220158,0.8451472037917369,0.804759379058235,0.8047591544431465,0.5,models/simplekt_tiaocan_bridge2algebra2006/bridge2algebra2006_simplekt_qid_models/simplekt_tiaocan_bridge2algebra2006_3407_0_0.5_64_256_2_4_0.5_0.5_0.5_50_256_64_4_4_0.001_1_1_1.0_6e21ce19-e651-49f7-a3ec-19aee28c90b4,0.8451443791962896,64,0.5,1,0.8021930961882369,64,0.8442915117632035,0.5,4,0.5,2,0.8047301215326492,0,{'runtime': 3018},0.8022177685634053,4,0.8046396123453925,0,bridge2algebra2006,1704950821.5335872,0.8047663947872157,qid,0.8020629446905249,0.8451949382479763,3407,3021.061207294464,0.8442177256860687,0.804752590649813,1,0.844263132502767,0.8443066360132454,0.845104871485989,0.8450991856691326,simplekt,1,4,0.84421174081856,0.8021834432575923,512,legendary-sweep-43,tiwr93vk,finished,1704950821.5335872
50,0.848596034832911,256,256,0.001,0.802531145123524,0.8467661832732639,0.8025196664905668,0.8486271053828316,0.8048197332654303,0.8048215673709376,0.5,models/simplekt_tiaocan_bridge2algebra2006/bridge2algebra2006_simplekt_qid_models/simplekt_tiaocan_bridge2algebra2006_42_0_0.5_64_256_2_4_0.5_0.5_0.5_50_256_256_4_4_0.001_1_1_1.0_35e2c14a-d7a1-4224-acc1-2ac11c4d6770,0.8486158070010422,256,0.5,1,0.8025257630971729,64,0.8468144280160059,0.5,4,0.5,2,0.804805405156062,0,{'runtime': 3019},0.8025749848841361,4,0.804641459270022,0,bridge2algebra2006,1704950814.9279306,0.804815128168785,qid,0.8023713551702837,0.8486231043761188,42,3024.0060555934906,0.8467236143826092,0.8047811719858097,1,0.8467746970513949,0.8467866222135503,0.8485639980635646,0.8485677888784379,simplekt,1,4,0.8467115923545264,0.8025271901408054,512,sweepy-sweep-42,v7e765p8,finished,1704950814.9279306
50,0.8526832244451789,256,64,0.001,0.8014447457774351,0.8513182166472741,0.8014352892989666,0.8526860490406262,0.8023782816133888,0.8023766944220355,0.5,models/simplekt_tiaocan_bridge2algebra2006/bridge2algebra2006_simplekt_qid_models/simplekt_tiaocan_bridge2algebra2006_42_0_0.05_64_64_2_4_0.5_0.5_0.5_50_256_256_4_2_0.001_1_1_1.0_3fd9fcbf-46d2-4ca7-8bdd-f96d1c9ddd22,0.8526521538952584,256,0.5,1,0.8014523403281555,64,0.8513153787212305,0.5,4,0.05,2,0.8023585773618129,0,{'runtime': 3190},0.8017484277438511,2,0.8021914508678339,0,bridge2algebra2006,1704950230.192102,0.8023817242346536,qid,0.8013273328810879,0.8527661754275356,42,3197.072425842285,0.8512955132389249,0.8025372468003344,1,0.8513210545733179,0.8514044300414839,0.852639519043491,0.8526747506588369,simplekt,1,4,0.8512673172690536,0.801440532774208,512,generous-sweep-41,5p4v74od,finished,1704950230.192102
50,0.8522962548688964,64,256,0.0001,0.8012090138401897,0.8523796009875982,0.8011856149221154,0.8522595351280813,0.8004598686269545,0.8004528176624971,0.5,models/simplekt_tiaocan_bridge2algebra2006/bridge2algebra2006_simplekt_qid_models/simplekt_tiaocan_bridge2algebra2006_3407_0_0.1_64_256_2_4_0.5_0.5_0.5_50_64_256_4_4_0.0001_1_1_1.0_401e1935-77b2-4140-8920-d8cb73d84488,0.8522510613417393,256,0.5,1,0.8012047095429025,64,0.8523540596532054,0.5,4,0.1,2,0.8004115967031292,0,{'runtime': 1995},0.80111362653987,4,0.8001905142067008,0,bridge2algebra2006,1704949023.4024606,0.8004410155499,qid,0.8009738381129422,0.8522398477871722,3407,1997.3248646259308,0.8523540596532054,0.8002730484202156,1,0.8523540596532054,0.8523291227296249,0.8522342186145481,0.8522934302734491,simplekt,1,4,0.8522994957878632,0.8012088740070278,512,eternal-sweep-40,i57tmuqc,finished,1704949023.4024606
50,0.8507088322275043,64,64,0.001,0.8014642038153679,0.848607997275591,0.8014339058749322,0.8507031830366096,0.8021870106273705,0.8021852980296178,0.5,models/simplekt_tiaocan_bridge2algebra2006/bridge2algebra2006_simplekt_qid_models/simplekt_tiaocan_bridge2algebra2006_3407_0_0.3_256_64_2_4_0.5_0.5_0.5_50_64_64_4_4_0.001_1_1_1.0_47d12e26-fbd1-433c-b87d-67f150e51192,0.850680586273031,64,0.5,1,0.8014682934135932,256,0.8486136731276783,0.5,4,0.3,2,0.8021634315070847,0,{'runtime': 1992},0.8014066217017921,4,0.8019899086841973,0,bridge2algebra2006,1704949019.681349,0.8021991033957314,qid,0.8012589429237202,0.850689010729203,3407,1993.593539953232,0.8486023214235037,0.8020935397945912,1,0.8485852938672418,0.8486416632026038,0.8506580502797699,0.8506918846548203,simplekt,1,4,0.8485751694610897,0.8014704658663697,512,smart-sweep-39,vmvaqsgp,finished,1704949019.681349
50,0.8537226755697915,64,64,0.001,0.8013292319278225,0.8520816187530152,0.8013112187331807,0.8536859558289764,0.8016271176614851,0.8016243299238967,0.5,models/simplekt_tiaocan_bridge2algebra2006/bridge2algebra2006_simplekt_qid_models/simplekt_tiaocan_bridge2algebra2006_3407_0_0.05_256_64_2_4_0.5_0.5_0.5_50_64_64_4_4_0.001_1_1_1.0_60437257-7c43-4a51-b4df-1e6595789089,0.8536605344699505,64,0.5,1,0.8013370761508027,256,0.8520929704571899,0.5,4,0.05,2,0.8016018512846362,0,{'runtime': 2003},0.8012663793502985,4,0.8014019753394266,0,bridge2algebra2006,1704948918.035667,0.8016359749979103,qid,0.8011059184461231,0.8536583992884725,3407,2005.5346620082855,0.8520589153446662,0.8015243395927444,1,0.8520504015665352,0.8520604811229785,0.8536358825979757,0.8537029034016603,simplekt,1,4,0.8520053956071614,0.8013316204511587,512,true-sweep-38,yvi6eprw,finished,1704948918.035667
50,0.8366988388088116,256,256,0.001,0.8009957427164107,0.8336464511734825,0.8009908683530128,0.8367751028858892,0.8024797790433428,0.8025143579824368,0.5,models/simplekt_tiaocan_bridge2algebra2006/bridge2algebra2006_simplekt_qid_models/simplekt_tiaocan_bridge2algebra2006_42_0_0.5_256_256_2_4_0.5_0.5_0.5_50_256_256_8_2_0.001_1_1_1.0_a82127ea-667f-4430-a7f6-59cf74c797d9,0.8367751028858892,256,0.5,1,0.8009920309956899,256,0.8337173993245736,0.5,4,0.5,2,0.8025270528255617,0,{'runtime': 3176},0.8013552697803341,2,0.8023145825965778,0,bridge2algebra2006,1704950043.8309472,0.8025130936106648,qid,0.8008440799746838,0.8367624376569132,42,3178.1436512470245,0.833561313392173,0.8027371591100698,1,0.8337344268808354,0.8338183021284898,0.8365823041329385,0.8365547844409984,simplekt,1,8,0.8335760602452909,0.8009782361710064,512,jumping-sweep-37,jjwx0qk7,finished,1704950043.8309472
50,0.8525928373908647,64,256,0.001,0.8024967535299996,0.8513749751681471,0.8024458136507358,0.8525561176500496,0.7999558644730485,0.7999495563185156,0.5,models/simplekt_tiaocan_bridge2algebra2006/bridge2algebra2006_simplekt_qid_models/simplekt_tiaocan_bridge2algebra2006_42_0_0.1_256_256_2_4_0.5_0.5_0.5_50_64_64_8_4_0.001_1_1_1.0_82e06618-fbf9-41ca-ab21-1d0f6c9db8f0,0.8525222225046818,64,0.5,1,0.8024202050109183,256,0.8514061923546272,0.5,4,0.1,2,0.7999183687276038,0,{'runtime': 1969},0.8025085183713974,4,0.7998374896406816,0,bridge2algebra2006,1704948835.2032733,0.7998775317847227,qid,0.8024051757627314,0.8525466376951916,42,1974.478253364563,0.8513891647983653,0.7998693931954564,1,0.8513976785764963,0.8514213968797985,0.8525353793499432,0.8525928373908647,simplekt,1,8,0.8513634654050523,0.8025041846041255,512,driven-sweep-36,o31ay0wz,finished,1704948835.2032733
50,0.8513923843257549,64,256,0.001,0.8025085934334099,0.8489684138831342,0.8024477539029438,0.8513923843257549,0.8022487128795192,0.8022466070207668,0.5,models/simplekt_tiaocan_bridge2algebra2006/bridge2algebra2006_simplekt_qid_models/simplekt_tiaocan_bridge2algebra2006_42_0_0.3_256_256_2_4_0.5_0.5_0.5_50_64_64_4_4_0.001_1_1_1.0_175317e7-aa2c-4261-82c1-91b5e7e746f4,0.8513415416077033,64,0.5,1,0.8024486323473903,256,0.8489996310696143,0.5,4,0.3,2,0.8022189345895363,0,{'runtime': 1682},0.802476872866356,4,0.8021033101554541,0,bridge2algebra2006,1704948149.6950223,0.802188808877162,qid,0.8023795497928063,0.8513194780631143,42,1684.708788394928,0.8489712518091779,0.8021274220171033,1,0.8489684138831342,0.8489866555816656,0.8513194780631143,0.8513726121576237,simplekt,1,4,0.8489371389142614,0.802514109956007,512,hearty-sweep-35,8fo65qq9,finished,1704948149.6950223
50,0.8464041487657931,256,256,0.001,0.8004760408434625,0.8460510259102648,0.8004648669215748,0.8464069733612404,0.8012787063139561,0.8012869469557002,0.5,models/simplekt_tiaocan_bridge2algebra2006/bridge2algebra2006_simplekt_qid_models/simplekt_tiaocan_bridge2algebra2006_42_0_0.3_64_256_2_4_0.5_0.5_0.5_50_256_256_4_2_0.001_1_1_1.0_95a09de3-c1e3-4280-82d2-49916293edda,0.8464097979566877,256,0.5,1,0.8004691337113743,64,0.8460481879842211,0.5,4,0.3,2,0.8012708491275299,0,{'runtime': 3011},0.8007376670653585,2,0.8010931297135918,0,bridge2algebra2006,1704949448.632238,0.8012843109108264,qid,0.8003174632224059,0.8464755750199836,42,3015.557477235794,0.8459971053154355,0.8014732701420955,1,0.8460368362800466,0.8461447101639845,0.8463601769811873,0.8463617798340832,simplekt,1,4,0.8459848255618303,0.8004708012143782,512,peachy-sweep-34,ez3ek25h,finished,1704949448.632238
50,0.8537367985470281,64,256,0.001,0.8022416637636185,0.8517013366631666,0.8021877248059024,0.8537198509743442,0.8027630057040278,0.8027586213238266,0.5,models/simplekt_tiaocan_bridge2algebra2006/bridge2algebra2006_simplekt_qid_models/simplekt_tiaocan_bridge2algebra2006_42_0_0.05_64_256_2_4_0.5_0.5_0.5_50_64_64_4_4_0.001_1_1_1.0_0f1f5356-5784-4b61-a595-0261bd3e7c5d,0.8536887804244238,64,0.5,1,0.802258683904288,64,0.8517410676277776,0.5,4,0.05,2,0.8027123424343436,0,{'runtime': 1684},0.8021973073037175,4,0.8025939464073227,0,bridge2algebra2006,1704948095.273356,0.802778517465505,qid,0.8020954967910245,0.8536893597379057,42,1688.7759029865265,0.8517325538496466,0.802623719822033,1,0.8517098504412975,0.8517154887439167,0.853669657633721,0.8537226755697915,simplekt,1,4,0.851691500221989,0.802252632765821,512,magic-sweep-33,9zsed2al,finished,1704948095.273356
50,0.8521465513101886,64,256,0.001,0.8018607979141015,0.8495700542043875,0.8017923793368051,0.8521267791420574,0.8011156055156556,0.801111705571573,0.5,models/simplekt_tiaocan_bridge2algebra2006/bridge2algebra2006_simplekt_qid_models/simplekt_tiaocan_bridge2algebra2006_42_0_0.1_256_256_2_4_0.5_0.5_0.5_50_64_256_8_4_0.001_1_1_1.0_4264e06e-e99d-454d-8d06-a71d3d193e23,0.8521183053557154,256,0.5,1,0.801782550496639,256,0.8496268127252604,0.5,4,0.1,2,0.8010803062724487,0,{'runtime': 2002},0.8018363981753583,4,0.8009530395335724,0,bridge2algebra2006,1704948259.6921482,0.8010377158551178,qid,0.8017222293336175,0.8521160059894397,42,2004.349088191986,0.8496097851689985,0.8010022384900641,1,0.8496353265033914,0.8496511900823175,0.8521047476441913,0.852132428332952,simplekt,1,8,0.8496130037526052,0.8018689662578293,512,earthy-sweep-32,g7l2gtv9,finished,1704948259.6921482
50,0.8521465513101886,64,256,0.001,0.8018607979141015,0.8495700542043875,0.8017923793368051,0.8521267791420574,0.8011156055156556,0.801111705571573,0.5,models/simplekt_tiaocan_bridge2algebra2006/bridge2algebra2006_simplekt_qid_models/simplekt_tiaocan_bridge2algebra2006_42_0_0.1_256_256_2_4_0.5_0.5_0.5_50_64_256_8_4_0.001_1_1_1.0_09ce5da9-6a3d-451b-8ba9-374673164fe8,0.8521183053557154,256,0.5,1,0.801782550496639,256,0.8496268127252604,0.5,4,0.1,2,0.8010803062724487,0,{'runtime': 1979},0.8018363981753583,4,0.8009530395335724,0,bridge2algebra2006,1704948191.726455,0.8010377158551178,qid,0.8017222293336175,0.8521160059894397,42,1986.890331029892,0.8496097851689985,0.8010022384900641,1,0.8496353265033914,0.8496511900823175,0.8521047476441913,0.852132428332952,simplekt,1,8,0.8496130037526052,0.8018689662578293,512,glorious-sweep-31,o3b80eml,finished,1704948191.726455
50,0.8423282575353145,256,256,0.001,0.7994928381920992,0.8408888384368703,0.7994820588143979,0.8423169591535252,0.8012906557775952,0.8012886987171093,0.5,models/simplekt_tiaocan_bridge2algebra2006/bridge2algebra2006_simplekt_qid_models/simplekt_tiaocan_bridge2algebra2006_3407_0_0.5_64_256_2_4_0.5_0.5_0.5_50_256_256_8_2_0.001_1_1_1.0_e541f2ef-6572-4538-854f-f392d375379a,0.8423000115808413,256,0.5,1,0.7994991984244663,64,0.8409143797712632,0.5,4,0.5,2,0.8012700355513,0,{'runtime': 3042},0.7996567732261919,2,0.801083023105856,0,bridge2algebra2006,1704949134.2419932,0.8012970522127988,qid,0.7992767936594664,0.8423212456233183,3407,3044.168715238571,0.8408207282118229,0.801428183716453,1,0.8408973522150013,0.8409245795758856,0.8422396226202673,0.8422632918400262,simplekt,1,8,0.8408267608541348,0.7994905109687589,512,rosy-sweep-30,euvrmo1x,finished,1704949134.2419932
50,0.8485112969694916,256,64,0.001,0.7996797377952254,0.8482333910378296,0.7996567378041677,0.8485338937330701,0.8008693033308502,0.8008773317032136,0.5,models/simplekt_tiaocan_bridge2algebra2006/bridge2algebra2006_simplekt_qid_models/simplekt_tiaocan_bridge2algebra2006_42_0_0.1_64_64_2_4_0.5_0.5_0.5_50_256_64_4_2_0.001_1_1_1.0_205bb1a0-e371-4344-b7a1-9e319e3805d3,0.8485084723740443,64,0.5,1,0.7996961304755761,64,0.8482759599284843,0.5,4,0.1,2,0.8008548968646336,0,{'runtime': 3035},0.7999717124052487,2,0.800698834845444,0,bridge2algebra2006,1704949117.6062694,0.8008803751564413,qid,0.7995692764034171,0.8485724418225009,42,3037.429431438446,0.848205011777393,0.8010341666110882,1,0.8482475806680478,0.8483334323065569,0.8484429708521442,0.8484576296559925,simplekt,1,4,0.8482018884625064,0.7996782822482873,512,decent-sweep-29,2viu5gkb,finished,1704949117.6062694
50,0.8474238277222744,64,64,0.001,0.8002918698355377,0.8458466952351221,0.8002706349921762,0.8474153539359325,0.8000812086120723,0.8000789749250355,0.5,models/simplekt_tiaocan_bridge2algebra2006/bridge2algebra2006_simplekt_qid_models/simplekt_tiaocan_bridge2algebra2006_3407_0_0.5_256_64_2_4_0.5_0.5_0.5_50_64_256_4_4_0.001_1_1_1.0_6947530b-b874-4de2-b348-5453e4fedba0,0.8473955817678013,256,0.5,1,0.800270105116919,256,0.8458438573090785,0.5,4,0.5,2,0.8000502167803725,0,{'runtime': 1709},0.8002629178180316,4,0.7999431134022268,0,bridge2algebra2006,1704947774.2480235,0.8000563577362182,qid,0.8001423212808529,0.8473959447440416,3407,1712.0274024009705,0.8458211539007293,0.7999978684938411,1,0.8458381814569912,0.8458675851381807,0.8473706134672326,0.8473814587905647,simplekt,1,4,0.8457981850625387,0.8002924754115195,512,icy-sweep-28,e6oni4j0,finished,1704947774.2480235
50,0.8505534794779018,64,64,0.001,0.8011766715031463,0.8482106876294804,0.8011368264461158,0.8505647778596911,0.8011595504166107,0.8011565913454087,0.5,models/simplekt_tiaocan_bridge2algebra2006/bridge2algebra2006_simplekt_qid_models/simplekt_tiaocan_bridge2algebra2006_42_0_0.3_64_64_2_4_0.5_0.5_0.5_50_64_256_4_4_0.001_1_1_1.0_c8b49712-cfec-413c-b338-43f49362101a,0.8505054613552974,256,0.5,1,0.8011825714786853,64,0.8482475806680478,0.5,4,0.3,2,0.8011292074729441,0,{'runtime': 1691},0.8011347688393511,4,0.801013480803128,0,bridge2algebra2006,1704947757.0773497,0.801165851512234,qid,0.8010441744289192,0.8504919896873557,42,1696.2574317455292,0.8482106876294804,0.8010494767491175,1,0.8482277151857422,0.8482316312766698,0.8504807313421073,0.8505365319052178,simplekt,1,4,0.8481877490307419,0.8011788069552931,512,soft-sweep-27,m0wyyc43,finished,1704947757.0773497
50,0.8515223157163315,64,64,0.001,0.800359306211585,0.84953316116582,0.8002845540865015,0.8514855959755164,0.8001998235429535,0.8001992633786184,0.5,models/simplekt_tiaocan_bridge2algebra2006/bridge2algebra2006_simplekt_qid_models/simplekt_tiaocan_bridge2algebra2006_42_0_0.1_256_64_2_4_0.5_0.5_0.5_50_64_256_4_2_0.001_1_1_1.0_75a637f7-ca00-467f-aa2a-dc9abe6931e2,0.851454525425596,256,0.5,1,0.8003438756370568,256,0.8495246473876891,0.5,4,0.1,2,0.8001744690035748,0,{'runtime': 1711},0.8003067998450409,2,0.8000465016350843,0,bridge2algebra2006,1704947773.768042,0.8001836094938268,qid,0.8002199290529116,0.851448949033471,42,1714.6520171165466,0.8495303232397764,0.8000793289160117,1,0.8495218094616455,0.8495522168588161,0.8514292469292863,0.8514799467846218,simplekt,1,4,0.8495168556166065,0.8003691831436253,512,upbeat-sweep-26,fs27gctd,finished,1704947773.768042
50,0.8487711597506448,64,256,0.001,0.8007583587800514,0.8453983029202259,0.800708789772634,0.8487739843460921,0.800861407541936,0.8008566795198471,0.5,models/simplekt_tiaocan_bridge2algebra2006/bridge2algebra2006_simplekt_qid_models/simplekt_tiaocan_bridge2algebra2006_42_0_0.5_256_256_2_4_0.5_0.5_0.5_50_64_64_4_4_0.001_1_1_1.0_1c117666-f942-4f06-bf79-93b0b6e87044,0.8487400892007242,64,0.5,1,0.8007147837554142,256,0.845429520106706,0.5,4,0.5,2,0.8008172283088165,0,{'runtime': 2005},0.8007240678423634,4,0.800719842359872,0,bridge2algebra2006,1704946999.0602045,0.8008172258869312,qid,0.8006302201455524,0.848735687828603,42,2007.4148621559143,0.8453954649941823,0.8007419916479019,1,0.8454096546244005,0.8454207917292319,0.8487244294833546,0.8487683351551975,simplekt,1,4,0.8453711742232504,0.8007624808171853,512,dark-sweep-25,rg5n76z1,finished,1704946999.0602045
50,0.8487711597506448,64,256,0.001,0.8007583587800514,0.8453983029202259,0.800708789772634,0.8487739843460921,0.800861407541936,0.8008566795198471,0.5,models/simplekt_tiaocan_bridge2algebra2006/bridge2algebra2006_simplekt_qid_models/simplekt_tiaocan_bridge2algebra2006_42_0_0.5_256_256_2_4_0.5_0.5_0.5_50_64_64_4_4_0.001_1_1_1.0_1cfc33c5-b829-4059-aafa-72701c8371d6,0.8487400892007242,64,0.5,1,0.8007147837554142,256,0.845429520106706,0.5,4,0.5,2,0.8008172283088165,0,{'runtime': 2061},0.8007240678423634,4,0.800719842359872,0,bridge2algebra2006,1704946986.455526,0.8008172258869312,qid,0.8006302201455524,0.848735687828603,42,2067.256854057312,0.8453954649941823,0.8007419916479019,1,0.8454096546244005,0.8454207917292319,0.8487244294833546,0.8487683351551975,simplekt,1,4,0.8453711742232504,0.8007624808171853,512,efficient-sweep-24,s8sk71vx,finished,1704946986.455526
50,0.852256710532634,64,64,0.001,0.800543523403213,0.8502398047506882,0.8005028167473087,0.8522369383645028,0.799850175704868,0.7998479417224793,0.5,models/simplekt_tiaocan_bridge2algebra2006/bridge2algebra2006_simplekt_qid_models/simplekt_tiaocan_bridge2algebra2006_42_0_0.05_64_64_2_4_0.5_0.5_0.5_50_64_64_4_4_0.001_1_1_1.0_9d5ec2c3-dad4-45fc-9c26-6ea1dca4b507,0.8522115170054769,64,0.5,1,0.8005471441280254,64,0.8502539943809064,0.5,4,0.05,2,0.7998242076015379,0,{'runtime': 2082},0.8004692745917338,4,0.7996387011928795,0,bridge2algebra2006,1704946990.0492003,0.7998403502936555,qid,0.8003645186390862,0.8522173310966754,42,2089.4145271778107,0.8502284530465136,0.7996787061279611,1,0.85022561512047,0.8502450294233255,0.8521948144061786,0.8522425875553974,simplekt,1,4,0.850201204114009,0.8005482500920583,512,rural-sweep-23,vs9a7tmz,finished,1704946990.0492003
50,0.852256710532634,64,64,0.001,0.800543523403213,0.8502398047506882,0.8005028167473087,0.8522369383645028,0.799850175704868,0.7998479417224793,0.5,models/simplekt_tiaocan_bridge2algebra2006/bridge2algebra2006_simplekt_qid_models/simplekt_tiaocan_bridge2algebra2006_42_0_0.05_64_64_2_4_0.5_0.5_0.5_50_64_64_4_4_0.001_1_1_1.0_d7911ac3-65f5-45e4-ae8d-8a7ca5ec8a89,0.8522115170054769,64,0.5,1,0.8005471441280254,64,0.8502539943809064,0.5,4,0.05,2,0.7998242076015379,0,{'runtime': 2062},0.8004692745917338,4,0.7996387011928795,0,bridge2algebra2006,1704946869.2914438,0.7998403502936555,qid,0.8003645186390862,0.8522173310966754,42,2064.4545097351074,0.8502284530465136,0.7996787061279611,1,0.85022561512047,0.8502450294233255,0.8521948144061786,0.8522425875553974,simplekt,1,4,0.850201204114009,0.8005482500920583,512,sage-sweep-22,lke2zrnx,finished,1704946869.2914438
50,0.8483785409834677,64,256,0.001,0.8006077908437668,0.84435110821012,0.8005415759059179,0.848381365578915,0.7999797736785716,0.7999719908912788,0.5,models/simplekt_tiaocan_bridge2algebra2006/bridge2algebra2006_simplekt_qid_models/simplekt_tiaocan_bridge2algebra2006_42_0_0.5_256_256_2_4_0.5_0.5_0.5_50_64_256_4_4_0.001_1_1_1.0_c81c4838-89f4-4adc-9846-1480092df70f,0.8483531196244418,256,0.5,1,0.8005751735213814,256,0.8444192184351675,0.5,4,0.5,2,0.7999236724495357,0,{'runtime': 2044},0.800550097745279,4,0.7998290501959511,0,bridge2algebra2006,1704946832.84619,0.7999387399427471,qid,0.8004719802140683,0.8483388311585963,42,2047.3123700618744,0.8443681357663819,0.7998624941249148,1,0.8443709736924255,0.8443971258175895,0.84833038739966,0.8483700671971257,simplekt,1,4,0.8443418235907936,0.8006207301220567,512,solar-sweep-21,itw95543,finished,1704946832.84619
50,0.8477656037713999,64,256,0.001,0.7986840348343665,0.8448449073417147,0.7986480285703248,0.8477825513440838,0.7991743686827084,0.7991685910687194,0.5,models/simplekt_tiaocan_bridge2algebra2006/bridge2algebra2006_simplekt_qid_models/simplekt_tiaocan_bridge2algebra2006_3407_0_0.5_256_256_2_4_0.5_0.5_0.5_50_64_64_4_4_0.001_1_1_1.0_f710c3a6-1dd5-4c5e-84aa-6e8a5055f738,0.8477543053896106,64,0.5,1,0.7986661137089794,256,0.8448732866021511,0.5,4,0.5,2,0.7991354804123205,0,{'runtime': 2029},0.7986416022128324,4,0.798985552605839,0,bridge2algebra2006,1704946821.2208247,0.7991590167065868,qid,0.7985084839723897,0.8477787284824877,3407,2036.171603679657,0.8448420694156711,0.799055619682349,1,0.8448420694156711,0.844872197290396,0.8477365096878061,0.8477656037713999,simplekt,1,4,0.8448140806117284,0.7986938876459317,512,polished-sweep-20,7c0995xc,finished,1704946821.2208247
50,0.8496524335302076,64,64,0.001,0.7988141027520471,0.85025683230695,0.7987937327574132,0.8496213629802871,0.7957673412155469,0.7957623966710105,0.5,models/simplekt_tiaocan_bridge2algebra2006/bridge2algebra2006_simplekt_qid_models/simplekt_tiaocan_bridge2algebra2006_3407_0_0.05_64_64_2_4_0.5_0.5_0.5_50_64_256_8_4_0.001_1_1_1.0_aa189d26-d1fb-4084-adee-729ba9fa9141,0.8495902924303667,256,0.5,1,0.7988153652159238,64,0.8502284530465136,0.5,4,0.05,2,0.795735937663356,0,{'runtime': 1706},0.7987133477457224,4,0.795516325316853,0,bridge2algebra2006,1704946432.2488792,0.7957620813533662,qid,0.7985705444023388,0.8496053949990431,3407,1709.2486081123352,0.8502483185288191,0.7956140604687807,1,0.850217101342339,0.8502195791658537,0.8495519178591131,0.8496157137893925,simplekt,1,8,0.8501898925685974,0.7988219314413223,512,glad-sweep-19,2y522yz8,finished,1704946432.2488792
50,0.8390206562665062,64,256,0.001,0.7990510650124125,0.8390243210261941,0.7990507798004662,0.8390206562665062,0.7980836820860683,0.7980816359179264,0.5,models/simplekt_tiaocan_bridge2algebra2006/bridge2algebra2006_simplekt_qid_models/simplekt_tiaocan_bridge2algebra2006_42_0_0.5_64_256_2_4_0.5_0.5_0.5_50_64_256_8_1_0.001_1_1_1.0_9f04a5c5-5b72-495f-9013-c7ae62904874,0.8390206562665062,256,0.5,1,0.7990567531511465,64,0.8390243210261941,0.5,4,0.5,2,0.7980836820860683,0,{'runtime': 1685},0.7990455919760641,1,0.7979206491433375,0,bridge2algebra2006,1704946373.3751836,0.7980798846290804,qid,0.7989413154484161,0.8389465566351058,42,1686.8313155174255,0.8390243210261941,0.797950658106751,1,0.8390243210261941,0.8389535985250162,0.8389465566351058,0.8390206562665062,simplekt,1,8,0.8389490443158071,0.7990507798004662,512,gallant-sweep-18,67glupg0,finished,1704946373.3751836
50,0.8506918846548203,64,256,0.0001,0.798528738718478,0.8501319635610296,0.7984864782448249,0.8506466911276632,0.7970878304902946,0.7970879195684153,0.5,models/simplekt_tiaocan_bridge2algebra2006/bridge2algebra2006_simplekt_qid_models/simplekt_tiaocan_bridge2algebra2006_42_0_0.3_256_256_2_4_0.5_0.5_0.5_50_64_64_8_4_0.0001_1_1_1.0_0a998e43-0de9-4688-a9eb-80f5ab7c46b3,0.8506466911276632,64,0.5,1,0.7984752299937106,256,0.850129125634986,0.5,4,0.3,2,0.7970700146003624,0,{'runtime': 1715},0.7984872860056318,4,0.7969351478734547,0,bridge2algebra2006,1704946402.3032205,0.7970211284037413,qid,0.7983887239678702,0.8506327190029609,42,1717.329154253006,0.8501234497828987,0.7969664628056519,1,0.8501177739308113,0.8501206059423524,0.8506186460714005,0.8506692878912417,simplekt,1,8,0.8500852607735401,0.7985319031518803,512,sparkling-sweep-17,jy8hdp40,finished,1704946402.3032205
50,0.8489434600729311,64,64,0.001,0.7991638125208147,0.845228027357607,0.7991181123302655,0.8489321616911418,0.7981621581086511,0.7981572510442654,0.5,models/simplekt_tiaocan_bridge2algebra2006/bridge2algebra2006_simplekt_qid_models/simplekt_tiaocan_bridge2algebra2006_42_0_0.5_256_64_2_4_0.5_0.5_0.5_50_64_256_8_2_0.001_1_1_1.0_18b9a77d-a227-4339-bde8-ed75fdf090f2,0.8489010911412213,256,0.5,1,0.7991570668080739,256,0.8452337032096944,0.5,4,0.5,2,0.7981215905562001,0,{'runtime': 1851},0.7991479160891363,2,0.7980267343575441,0,bridge2algebra2006,1704944881.0587611,0.7981468105332722,qid,0.7990737485646433,0.8489073775936413,42,1849.7296941280365,0.8452251894315634,0.7980510027630733,1,0.8452138377273888,0.8452454677333152,0.8488933046620808,0.8489265125002472,simplekt,1,8,0.8452099847011348,0.7991751930320372,512,dulcet-sweep-16,ypq5fbjl,finished,1704944881.0587611
50,0.8405120426626896,256,256,0.001,0.7971380975041567,0.8387575559780912,0.7971144315613914,0.8405798329534252,0.7986585674962574,0.7986565277667862,0.5,models/simplekt_tiaocan_bridge2algebra2006/bridge2algebra2006_simplekt_qid_models/simplekt_tiaocan_bridge2algebra2006_3407_0_0.5_256_256_2_4_0.5_0.5_0.5_50_256_256_4_2_0.001_1_1_1.0_06c0a194-c926-4688-823a-77d2c865a2fd,0.8405713591670833,256,0.5,1,0.7971367129769611,256,0.838839855833357,0.5,4,0.5,2,0.7986202937644818,0,{'runtime': 3243},0.7973096530886866,2,0.7984538266636105,0,bridge2algebra2006,1704946219.3224876,0.798655836170874,qid,0.7969519974468084,0.8406184209044955,3407,3247.087226629257,0.8387405284218293,0.7987583105196323,1,0.8388228282770951,0.8388885589781439,0.8405170957972598,0.8405035688763477,simplekt,1,4,0.8387624038165155,0.7971361632447984,512,quiet-sweep-15,fq1neht6,finished,1704946219.3224876
50,0.8513697875621764,64,64,0.001,0.7994114886251309,0.8497403297670063,0.7993589133836198,0.8513726121576237,0.7962655927422311,0.7962658903092288,0.5,models/simplekt_tiaocan_bridge2algebra2006/bridge2algebra2006_simplekt_qid_models/simplekt_tiaocan_bridge2algebra2006_42_0_0.05_64_64_2_4_0.5_0.5_0.5_50_64_64_8_4_0.001_1_1_1.0_dae69b1b-af58-4252-9526-53541793032f,0.851330243225914,64,0.5,1,0.7994160316823248,64,0.8497545193972245,0.5,4,0.05,2,0.7962562566109079,0,{'runtime': 1944},0.7993736311245159,4,0.7960855915368303,0,bridge2algebra2006,1704944945.5050976,0.7962641837366542,qid,0.7992572536335983,0.851311034304178,42,1971.3299696445465,0.8497374918409626,0.7961199116424762,1,0.8497147884326135,0.8497360242738901,0.8512969613726175,0.8513641383712818,simplekt,1,8,0.8496978403431923,0.7994212747997843,512,giddy-sweep-14,s9t3b8ay,finished,1704944945.5050976
50,0.8500139817474642,64,64,0.001,0.7972806695476751,0.8481397394783892,0.7972269981215077,0.8500055079611223,0.7964678798504803,0.7964684418164616,0.5,models/simplekt_tiaocan_bridge2algebra2006/bridge2algebra2006_simplekt_qid_models/simplekt_tiaocan_bridge2algebra2006_42_0_0.1_256_64_2_4_0.5_0.5_0.5_50_64_256_4_1_0.001_1_1_1.0_4ce6c160-1d2b-4708-9999-b7445e4b6b54,0.8499857357929911,256,0.5,1,0.7972657250797299,256,0.8481312257002582,0.5,4,0.1,2,0.7964550221208051,0,{'runtime': 1789},0.7972210497050575,1,0.7963348465947672,0,bridge2algebra2006,1704944770.524469,0.7964645278431657,qid,0.7971330906232139,0.8499712912196166,42,1809.503803730011,0.8481198739960837,0.7963612742798019,1,0.8481312257002582,0.8481298302467827,0.8499712912196166,0.849994209579333,simplekt,1,4,0.8481029124401549,0.7972824214276191,512,woven-sweep-13,91ac70hp,finished,1704944770.524469
50,0.8453392762821544,64,256,0.001,0.7956636734469555,0.8455657405568011,0.7956601511122146,0.8452771351823135,0.7966511788763401,0.7966486439304075,0.5,models/simplekt_tiaocan_bridge2algebra2006/bridge2algebra2006_simplekt_qid_models/simplekt_tiaocan_bridge2algebra2006_42_0_0.3_64_256_2_4_0.5_0.5_0.5_50_64_64_4_1_0.001_1_1_1.0_a1e6232f-c7eb-4966-9e06-c73722f8a283,0.8453053811367867,64,0.5,1,0.7956676278930012,64,0.8455373612963646,0.5,4,0.3,2,0.7966443771593162,0,{'runtime': 1786},0.795555901640141,1,0.7963855870101149,0,bridge2algebra2006,1704944744.439864,0.7966536120735574,qid,0.7954441101077597,0.8452568591468426,42,1789.1472430229187,0.8455572267786702,0.7964282595232666,1,0.8455146578880154,0.8454716922441754,0.8452568591468426,0.8453336270912598,simplekt,1,4,0.8454644944728962,0.7956656025482889,512,proud-sweep-12,2y4oa2gt,finished,1704944744.439864
50,0.8482796801428115,64,256,0.0001,0.7899020920107298,0.8467860487555694,0.7898798966119347,0.8482683817610223,0.7918728143584406,0.7918748152196073,0.5,models/simplekt_tiaocan_bridge2algebra2006/bridge2algebra2006_simplekt_qid_models/simplekt_tiaocan_bridge2algebra2006_42_0_0.3_64_256_2_4_0.5_0.5_0.5_50_64_256_4_2_0.0001_1_1_1.0_4413e73b-ad54-4a22-8939-1e84078ac913,0.8482486095928911,256,0.5,1,0.7899069788666853,64,0.8467860487555694,0.5,4,0.3,2,0.7918726150845418,0,{'runtime': 1872},0.7897966608415936,2,0.7917000464023792,0,bridge2algebra2006,1704944862.008191,0.7918846692208796,qid,0.789720874046564,0.848220618533488,42,1902.489900350571,0.8467605074211766,0.7917309225719826,1,0.8467605074211766,0.846755516343307,0.8482093601882396,0.8482542587837857,simplekt,1,4,0.846725731786291,0.7899018375978573,512,fanciful-sweep-11,8au9j77v,finished,1704944862.008191
50,0.8432603740329291,256,256,0.001,0.7902569344913707,0.8422822601243012,0.7902301569476897,0.8432744970101658,0.7909221230365204,0.7909152293469277,0.5,models/simplekt_tiaocan_bridge2algebra2006/bridge2algebra2006_simplekt_qid_models/simplekt_tiaocan_bridge2algebra2006_3407_0_0.1_64_256_2_4_0.5_0.5_0.5_50_256_64_4_1_0.001_1_1_1.0_fc87d503-4b3d-4aeb-93c4-947115f0e338,0.8432462510556925,64,0.5,1,0.7902596648456671,64,0.8422992876805631,0.5,4,0.1,2,0.7908813321685293,0,{'runtime': 3181},0.7905279447050941,1,0.7906507124599761,0,bridge2algebra2006,1704946163.680878,0.7909270540834772,qid,0.7899947664171898,0.8433823446629815,3407,3204.1554548740387,0.8422255016034282,0.7911325418580419,1,0.8422850980503448,0.8424261447667201,0.8432444299336883,0.8432434264602452,simplekt,1,4,0.8422463598032922,0.7902506755411467,512,polar-sweep-10,h1blofqx,finished,1704946163.680878
50,0.8455031028180989,64,256,0.0001,0.7720307653569599,0.845083293129381,0.7720090810200478,0.8454833306499676,0.773562776222864,0.7735536463357436,0.5,models/simplekt_tiaocan_bridge2algebra2006/bridge2algebra2006_simplekt_qid_models/simplekt_tiaocan_bridge2algebra2006_3407_0_0.3_64_256_2_4_0.5_0.5_0.5_50_64_64_8_1_0.0001_1_1_1.0_5af81511-72d5-4758-8d27-306f93f8fc12,0.8454805060545203,64,0.5,1,0.7720111795610103,64,0.8450577517949882,0.5,4,0.3,2,0.7735296119305675,0,{'runtime': 1785},0.7718687967126153,1,0.7732817015243003,0,bridge2algebra2006,1704944749.938595,0.7735322721352236,qid,0.7717598010743256,0.8454707677065625,3407,1790.4197101593018,0.845083293129381,0.7733588775398228,1,0.8450520759429009,0.8450531768990841,0.8454679531202504,0.8455256995816774,simplekt,1,8,0.845028999974549,0.7720385861750294,512,deft-sweep-9,e7szyeax,finished,1704944749.938595
50,0.8458364050808823,64,256,0.0001,0.7706703143012232,0.8450549138689446,0.7706420879488334,0.8457799131719359,0.7714763105984017,0.7714669587248244,0.5,models/simplekt_tiaocan_bridge2algebra2006/bridge2algebra2006_simplekt_qid_models/simplekt_tiaocan_bridge2algebra2006_3407_0_0.3_64_256_2_4_0.5_0.5_0.5_50_64_64_4_1_0.0001_1_1_1.0_5e8356cf-10a8-49f9-8aad-69abf352786e,0.8457912115537252,64,0.5,1,0.7706577700143472,64,0.845035048386639,0.5,4,0.3,2,0.7714391765703784,0,{'runtime': 1734},0.7705210844202723,1,0.7711942336212168,0,bridge2algebra2006,1704944653.9097707,0.7714504930949844,qid,0.7703997688359272,0.845783186787206,3407,1738.9929366111755,0.84504356216477,0.7712736844772891,1,0.8450123449782899,0.8450135876096836,0.8457747430282697,0.8458392296763296,simplekt,1,4,0.8449865816792554,0.770676395016342,512,effortless-sweep-8,7e126k8f,finished,1704944653.9097707
50,0.8433733578508218,256,64,1e-05,0.7343591893388494,0.8432982376479269,0.7343529187607079,0.8433733578508218,0.737207913811379,0.7372054798462467,0.5,models/simplekt_tiaocan_bridge2algebra2006/bridge2algebra2006_simplekt_qid_models/simplekt_tiaocan_bridge2algebra2006_42_0_0.3_256_64_2_4_0.5_0.5_0.5_50_256_256_8_1_1e-05_1_1_1.0_995b2219-c421-4507-9cbf-08f12aee3e36,0.8433705332553745,256,0.5,1,0.7343630572910774,256,0.8432868859437523,0.5,4,0.3,2,0.7372036044505497,0,{'runtime': 3120},0.73418497681045,1,0.7369245459515017,0,bridge2algebra2006,1704946036.2253418,0.7372095058465028,qid,0.7341012006581099,0.8433204237641152,42,3122.5659477710724,0.8433039135000142,0.7369707199173797,1,0.8432925617958396,0.8432462086185883,0.8433204237641152,0.8433818316371637,simplekt,1,8,0.8432474315722199,0.7343606387438616,512,olive-sweep-7,ljnzu5rt,finished,1704946036.2253418
50,0.8457940361491726,256,64,1e-05,0.731558190941211,0.8439225813775293,0.7315601743359745,0.8458081591264092,0.7317706674391168,0.7317693070484558,0.5,models/simplekt_tiaocan_bridge2algebra2006/bridge2algebra2006_simplekt_qid_models/simplekt_tiaocan_bridge2algebra2006_42_0_0.05_64_64_2_4_0.5_0.5_0.5_50_256_256_4_4_1e-05_1_1_1.0_29c4bba4-8eb9-4c1a-9e47-8cf3c5ff04bc,0.8457940361491726,256,0.5,1,0.7315701768495243,64,0.8439339330817038,0.5,4,0.05,2,0.7317626657665615,0,{'runtime': 3107},0.7314748187551704,4,0.7315774706365865,0,bridge2algebra2006,1704946023.6340256,0.7317781160653167,qid,0.7313742452373032,0.8457634846830213,42,3111.1870884895325,0.8438885262650055,0.7316198157560956,1,0.8439310951556602,0.8439022597000828,0.8457465971651487,0.8457855623628305,simplekt,1,4,0.8438554271380941,0.7315561731099225,512,stellar-sweep-6,ibqwolri,finished,1704946023.6340256
50,0.8454268387410213,256,64,1e-05,0.7269094434308181,0.8441978602037631,0.7269057861227883,0.8454268387410213,0.7292406040566174,0.7292410529619074,0.5,models/simplekt_tiaocan_bridge2algebra2006/bridge2algebra2006_simplekt_qid_models/simplekt_tiaocan_bridge2algebra2006_42_0_0.5_64_64_2_4_0.5_0.5_0.5_50_256_64_8_4_1e-05_1_1_1.0_a8b66fd0-c541-4aec-b2a4-21d93b187053,0.8454381371228106,64,0.5,1,0.7269116075353461,64,0.8441950222777195,0.5,4,0.5,2,0.7292437326007156,0,{'runtime': 3147},0.7269326728593991,4,0.7291083878903105,0,bridge2algebra2006,1704946059.864855,0.729246641550707,qid,0.7268033279295825,0.8453919592898236,42,3149.5885651111603,0.8442035360558504,0.7291840749214233,1,0.844206373981894,0.8441906959514296,0.8453891447035115,0.8454268387410213,simplekt,1,8,0.8441721504096193,0.7269108826092261,512,visionary-sweep-4,b9h1rz0s,finished,1704946059.864855
50,0.8457940361491726,256,64,1e-05,0.731558190941211,0.8439225813775293,0.7315601743359745,0.8458081591264092,0.7317706674391168,0.7317693070484558,0.5,models/simplekt_tiaocan_bridge2algebra2006/bridge2algebra2006_simplekt_qid_models/simplekt_tiaocan_bridge2algebra2006_42_0_0.05_64_64_2_4_0.5_0.5_0.5_50_256_256_4_4_1e-05_1_1_1.0_10cd4dd1-b6b2-4513-8cb7-372273ccd938,0.8457940361491726,256,0.5,1,0.7315701768495243,64,0.8439339330817038,0.5,4,0.05,2,0.7317626657665615,0,{'runtime': 3118},0.7314748187551704,4,0.7315774706365865,0,bridge2algebra2006,1704946032.9349868,0.7317781160653167,qid,0.7313742452373032,0.8457634846830213,42,3119.8411779403687,0.8438885262650055,0.7316198157560956,1,0.8439310951556602,0.8439022597000828,0.8457465971651487,0.8457855623628305,simplekt,1,4,0.8438554271380941,0.7315561731099225,512,bright-sweep-5,12hl66io,finished,1704946032.9349868
50,0.8416221086734852,256,64,1e-05,0.7011142518639116,0.8416749439509607,0.701114590623909,0.8416136348871432,0.700653302309237,0.7006528863061441,0.5,models/simplekt_tiaocan_bridge2algebra2006/bridge2algebra2006_simplekt_qid_models/simplekt_tiaocan_bridge2algebra2006_3407_0_0.1_64_64_2_4_0.5_0.5_0.5_50_256_64_8_1_1e-05_1_1_1.0_41978ba9-e59f-4f15-9a40-5585d85930dc,0.8416221086734852,64,0.5,1,0.7011425890691152,64,0.8416607543207424,0.5,4,0.1,2,0.7006533428315119,0,{'runtime': 3130},0.7010925571265021,1,0.700597517570856,0,bridge2algebra2006,1704946045.355775,0.7006862500495505,qid,0.7010541044682204,0.8415387906285534,3407,3132.2659091949463,0.8416664301728297,0.7006318489629051,1,0.841672106024917,0.8415891140765374,0.8415387906285534,0.8416221086734852,simplekt,1,8,0.84158180651036,0.7011115730302344,512,dark-sweep-3,7vigrqyu,finished,1704946045.355775
50,0.8390206562665062,64,256,1e-05,0.6720731562779585,0.8390243210261941,0.6720739089023744,0.8390206562665062,0.6664516496373369,0.666455937201199,0.5,models/simplekt_tiaocan_bridge2algebra2006/bridge2algebra2006_simplekt_qid_models/simplekt_tiaocan_bridge2algebra2006_42_0_0.05_64_256_2_4_0.5_0.5_0.5_50_64_256_4_4_1e-05_1_1_1.0_6d8353d9-9159-4bfd-8b0c-ae6a5d48c962,0.8390206562665062,256,0.5,1,0.672101063846517,64,0.8390243210261941,0.5,4,0.05,2,0.6664516496373369,0,{'runtime': 1759},0.6718277526276069,4,0.6660890408276113,0,bridge2algebra2006,1704944691.9620063,0.6664879997129218,qid,0.6717569811182387,0.8389465566351058,42,1778.861530303955,0.8390243210261941,0.6661172260841395,1,0.8390243210261941,0.8389535985250162,0.8389465566351058,0.8390206562665062,simplekt,1,4,0.8389490443158071,0.6720739089023744,512,pious-sweep-2,nvk4ss5k,finished,1704944691.9620063
50,0.8390206562665062,64,64,1e-05,0.6580144896733762,0.8390243210261941,0.6580144532392345,0.8390206562665062,0.6563350114799062,0.6563338782148245,0.5,models/simplekt_tiaocan_bridge2algebra2006/bridge2algebra2006_simplekt_qid_models/simplekt_tiaocan_bridge2algebra2006_3407_0_0.5_256_64_2_4_0.5_0.5_0.5_50_64_64_4_1_1e-05_1_1_1.0_b63ea609-3149-4e88-9c70-804e30aa6077,0.8390206562665062,64,0.5,1,0.6579468438457374,256,0.8390243210261941,0.5,4,0.5,2,0.6563350114799062,0,{'runtime': 1736},0.657839097738501,1,0.656091088029321,0,bridge2algebra2006,1704944649.8664289,0.6563084592001349,qid,0.6577970551463446,0.8389465566351058,3407,1737.1839227676392,0.8390243210261941,0.6561089299861123,1,0.8390243210261941,0.8389535985250162,0.8389465566351058,0.8390206562665062,simplekt,1,4,0.8389490443158071,0.6580144532392345,512,cerulean-sweep-1,cti1x87p,finished,1704944649.8664289
